City,Year,Target,Total_population,PerCapitaGDP,SecondaryIndustryShare,TertiaryIndustryShare,FiscalCapacityPerCapita,ConstructionIntensity,UrbanizationRate,PatentsPerCapita,EnergyIntensity,PolicyCount,PublicAwarenessIndex
上海,2011,0.6936946778943168,2355.53,0.49405951912146906,-0.8541720026161941,1.3489137556674742,2.03858965118388,-0.00041275929479455987,2.7756416254750067,0.4025670766415069,-0.10666019093790487,-0.14285714285714285,0.27499420136370584
上海,2012,0.6378543687651347,2398.5,0.5713657080185889,-1.1731379485685076,1.5589433170248985,2.2711628409650935,-0.0004230681937482558,2.7756416255279412,0.4180270730131338,-0.23851326839860998,0.9285714285714286,0.25119270206153055
上海,2013,0.5960583625985222,2448.43,0.6897334366193302,-1.4362341910008023,1.6504928558378247,2.5321318163781936,-0.00043281856181788395,2.7756416255871157,0.4489108279256863,-0.34383434269060065,0.2857142857142857,0.23548642341246273
上海,2014,0.5657500077914929,2467.06,0.8422525351641589,-1.6997199966497114,1.9858782865829308,2.932299555195601,-0.000441670547547345,2.775641625608581,0.36739055479684124,-0.5986459773592934,0.2857142857142857,0.3227765986824429
上海,2015,0.5486244534313516,2457.59,0.981191949111166,-2.0011137784643918,2.3684660134309676,3.791725572838693,-0.0004512925857945825,2.775641625597711,0.6478308860988929,-0.6718220861728976,0.2857142857142857,0.28036317494735924
上海,2016,0.5016884922127324,2467.37,1.214736793366311,-2.185767229618273,2.6999698926717475,4.56958131069621,-0.0004637625526953042,2.775641625608936,0.9402992240673496,-0.7702502158856636,0.35714285714285715,0.4727649332496676
上海,2017,0.48333088658335954,2466.28,1.4611607952975043,-2.1611710777065243,2.509055240143373,4.784645575782572,-0.00047454794802495495,2.77564162560769,1.1179874210664524,-0.8992953194486436,0.42857142857142855,1.129993730014826
上海,2018,0.486929114003868,2475.39,1.6997576529786809,-2.111196990544983,3.3883505748945746,5.180403394634715,-0.000480809230605572,2.775641625618075,1.3866338248972399,-1.0097341287418806,0.2857142857142857,1.7604627551182075
上海,2019,0.5154679622251708,2481.34,1.8514069527166748,-2.303353484464423,3.6715372248128015,5.2160636541204495,-0.0004857351646211222,2.7756416256248175,1.7289536365345204,-1.0949432709630373,0.07142857142857142,1.5896754746659998
上海,2020,0.5211198333318556,2488.36,1.9209096535844312,-2.3940851811017225,3.716813766608237,5.092010311687647,-0.0004895058169671916,2.77564162563273,1.219754392757096,-1.127479093131272,0.21428571428571427,1.698755919606839
上海,2021,0.5779066732485476,2489.43,2.2948155493418394,-2.427702988690168,3.763136375466914,5.7361875167016025,-0.0004958407836071153,2.775641625633932,1.8056047307853482,-1.1416262160775206,0.7142857142857143,1.7992499545363563
上海,2022,0.5832748658493061,2475.89,2.3943365911055343,-2.4714353828994495,3.8140139710895418,5.62740597083295,-0.0004971581777757187,2.775641625618643,1.805325765399391,-1.1796992758258775,0.07142857142857142,1.532425304612259
丽水,2011,0.6060240921414589,211.6,-0.374306932410425,-0.7512563008248248,-1.0302001442633815,-0.5916971038397797,-0.000400679537757146,-0.6973396368095474,-0.5120943020363694,0.3296004957853657,3.7857142857142856,0.0985313587451139
丽水,2012,0.6349434546759203,211.7,-0.3567251690535196,-0.3915058844423696,-0.44404008909401915,-0.5159657564095956,-0.0003981546494486534,-0.5859815211350596,-0.27876082937013935,0.36901880685679755,1.5714285714285714,-0.10391260875689107
丽水,2013,0.6691576643388015,212.2,-0.2751662344894212,-0.3997103328280892,-0.2748105971984479,-0.4224787360086025,-0.000372918362425355,-0.5024629343440533,-0.11072073331267909,0.3593217966830053,2.5714285714285716,-0.17103507110919988
丽水,2014,0.6133449392391915,213.1,-0.21559743289775213,-0.45114181473394516,-0.20390292058916062,-0.3501142708835082,-0.0003568880623030389,-0.41894434751815646,-0.2908714493608241,0.18863299842770923,1.5,-0.10328108521281
丽水,2015,0.5752414144300951,213.9,-0.17146353781635426,-0.7819688219492658,0.0768266381829435,-0.21265894000979965,-0.0003412551627250433,-0.3284658784684802,0.034831899023152105,0.042194877601097865,2.2142857142857144,0.0838094152749291
丽水,2016,0.4667361704833113,216.5,-0.09373939675337928,-0.9036962390566355,0.3008207529763779,-0.131549675219876,-0.00033070100703768974,-0.23102752703343163,0.0736256118285756,0.16860654156786203,1.3571428571428572,-0.01896360899569355
丽水,2017,0.3866866573487995,218.6,-0.015069560968946918,-1.2126707531370873,0.5843668522146748,-0.04691244754620829,-0.0003199650316527916,-0.1196694111747109,0.07365683637435799,-0.10555250936657631,2.357142857142857,0.10008110074019602
丽水,2018,0.3952935294054232,244.4,-0.06129479121808289,-0.6447032456643235,0.8314385468576191,-0.012637363620702396,-0.000319110000265294,-0.008311293474797025,0.19883481747011117,0.17164604898546718,2.2142857142857144,1.1285305518931883
丽水,2019,0.42891855157522607,247.5,-0.009619913741221717,-0.961923804620198,1.1942404362748433,0.060642063353061444,-0.00032988088704009785,0.07520729354630841,0.10651641104633873,0.2466498455925134,0.9285714285714286,0.4032837672913991
丽水,2020,0.3551506556144195,250.8,0.025096019389045234,-1.2675883518604052,1.5452856813937343,0.07980826787895025,-0.0003349975736882082,0.11696658717852075,0.5005658386140541,0.26850945613867755,4.0,0.9599959376641753
丽水,2021,0.41025341236947716,251.4,0.1568682523002041,-1.126583402822638,1.4478090970276103,0.2543243077921715,-0.00035376758841086485,0.1656857628599753,1.2223952819199237,0.36633986696544146,6.857142857142857,1.1929729263211235
丽水,2022,0.539662281368334,251.5,0.25208070248539044,-0.9776137943665532,1.2592271682741756,0.31455750243783015,-0.0003421636180212945,0.23528458521057113,0.7325571717006318,0.24055694438547767,3.2857142857142856,1.0262079067646923
亳州,2011,0.34475470194257307,592.6,-0.9873376918024577,-0.5324829939013299,0.07485245003342711,-1.065894625382209,0.2955488412715861,-2.0684411273858685,-0.7944866351577315,-0.6938946995516923,-0.21428571428571427,-0.7168118620960909
亳州,2012,0.3289079307677057,598.1,-0.9278407579879657,-1.056684554314122,-0.6375317619244495,-1.0164095379459381,0.2646102946068081,-1.97793119593368,-0.7426060909318033,-0.7968395356699772,-0.21428571428571427,-0.748067488475008
亳州,2013,0.3170309465950849,603.6,-0.8904784334366121,-1.090433616793734,-0.3958109291002102,-0.9566470910889009,0.27719880936567964,-1.8735043794684532,-0.7350661106856428,-0.7781153937793617,-0.21428571428571427,-0.7522443770619389
亳州,2014,0.30980462298816336,609.1,-0.8651153656829654,-0.9944613801927726,-0.40529332325363654,-0.9284654950872719,0.32105009582081245,-1.7691352116965977,-0.7507712368957268,-0.8981167503681061,-0.14285714285714285,-0.7560467544865246
亳州,2015,0.32120118804908027,614.6,-0.8521877801791002,-0.9542977610499725,-0.33978018153429806,-0.8995603634164339,0.31474232893031345,-1.6647089024685107,-0.7174455783771315,-0.8601144235204327,-0.21428571428571427,-0.8255719770859193
亳州,2016,0.36380956684651394,620.1,-0.8122345414937666,-1.2466855352437056,0.1468571665774545,-0.8819065143932492,0.36647302078357624,-1.5603392103014218,-0.650692363642152,-0.8545560250789984,-0.2857142857142857,-0.7417618361826446
亳州,2017,0.2794561965753217,625.6,-0.7676603302577458,-1.3411885098433136,0.46653522569306916,-0.8579282378778561,0.550089687513602,-1.4559133906236978,-0.6340683701700013,-1.0207400705993173,0.0,-0.5434472948735852
亳州,2018,0.3243566727121819,631.1,-0.7083442570217887,-1.30302286021432,0.6807463315009625,-0.7994780662672425,0.636400253476366,-1.3515431926453432,-0.49527050212514023,-1.0072297012360707,1.7142857142857142,-0.4060351044181607
亳州,2019,0.5150579360583608,636.6,-0.6534604753337123,-1.3977926332784427,0.7735705982356765,-0.7536835628733745,0.6056213768262405,-1.247117845740299,-0.5558938914424444,-1.027405269297038,0.6428571428571429,-0.5520776338245308
亳州,2020,0.44060833901083996,642.1,-0.6377438583713213,-1.5082493050418624,0.8169623555584046,-0.7565511935882413,0.6316462649047283,-1.1427471595640715,-0.5993685962172502,-0.9409812114919986,0.2857142857142857,-0.5789994286136992
亳州,2021,0.5353223714646428,647.6,-0.5942988643158185,-1.5225652532939062,0.8992064155517532,-0.7125160712494515,0.6849893306129821,-1.038322269501873,-0.6260174474317401,-0.8581139562155402,0.7857142857142857,-0.5557413386254939
亳州,2022,0.5764258220702547,653.1,-0.5570448039339327,-1.4053142272374504,0.7891437288513876,-0.6899543521475929,0.7040492142609283,-0.9339511118370158,-0.6279501713528753,-0.7537390830606948,2.357142857142857,-0.5124030198574036
六安,2011,0.48482280856170284,574.7,-0.9133900259126275,-0.9930762909965188,-1.0788386327186155,-0.9741723009416854,1.268221335401096,-1.4907528813830022,-0.7488083026367,-0.15967944396323128,-0.2857142857142857,-0.6273589778674182
六安,2012,0.4851040712530604,575.5,-0.9001836106106853,-0.73129519843688,-0.5671880312666449,-0.9262270342910399,1.44417247721356,-1.4073020372055762,-0.6695479580911503,0.0660983828154138,-0.07142857142857142,-0.633582807316689
六安,2013,0.4694503782357396,576.3,-0.8715228793713657,-0.6174710301794412,-0.5952315751176268,-0.8782223015541358,1.5535524642451892,-1.3167160085373841,-0.6210218643793894,0.042893228406755905,-0.2857142857142857,-0.6785863333082033
六安,2014,0.46471637352208006,577.2,-0.8461572185787768,-0.7054214385597866,-0.43590630607307557,-0.8286061476264013,1.2080228040213385,-1.226290677370892,-0.6169711258087417,-0.07729313963825934,-0.21428571428571427,-0.7057656010047968
六安,2015,0.5119944898547314,578.0,-0.8349446436692518,-0.9248001254227642,-0.18652508277510202,-0.7965842734256411,1.1072087426654658,-1.135860373388836,-0.5487184500146145,-0.42389316383072423,-0.2857142857142857,-0.7675262705758562
六安,2016,0.5133035456472478,578.8,-0.7881968485670362,-1.049164596117805,0.12249324319593756,-0.8165758042517394,1.0387782221770157,-1.045319309245447,-0.2951686289069867,-0.46728329162736004,-0.21428571428571427,-0.7317495037622921
六安,2017,1.0359461019132619,579.6,-0.7522968162118306,-1.0592168898421706,0.247590482859903,-0.7614513630263177,1.0691634392256775,-0.9549081051432584,-0.16916226949796284,-0.3541312580548987,-0.14285714285714285,-0.6798601951997645
六安,2018,1.2521720671099106,580.4,-0.7008705372438249,-1.2529130903190562,0.6207882856695986,-0.7252564589997021,1.093692351962761,-0.8643863935614214,-0.28398283730381235,-0.31391892550806877,0.5,-0.32795872537963
六安,2019,1.0998216958315696,581.2,-0.6438385403911719,-1.3006951270460487,0.6964367361994614,-0.7114646777300155,1.1489808129175907,-0.7738743810389115,-0.3811976340015898,-0.2138294762503577,0.42857142857142855,-0.18703557500592055
六安,2020,1.1107491049456832,582.0,-0.6266120141889782,-1.1711192864397617,0.41468707337164173,-0.6866125388080786,1.262597741705071,-0.6833720275796066,-0.5126769991620389,0.062297201692997774,1.2142857142857142,0.22226753117434572
六安,2021,1.1637404597301697,582.8,-0.5439903275545434,-0.9831382595579943,0.33732442653314376,-0.631626395293977,1.2494994730310953,-0.5929987148594656,-0.4349237539341038,0.0770214409863249,3.0714285714285716,-0.06001154406341493
六安,2022,1.2533160307921276,583.6,-0.5137770096445347,-0.9082899759802039,0.25218191781570054,-0.5800619118556748,1.3294583587572317,-0.50251539671198,-0.4355003075648844,0.35723649779202693,3.0714285714285716,-0.3971784177609456
南京,2011,1.0616900783568184,800.76,0.3306965953409011,-0.23964682068284676,0.9096622758758718,0.5667831585818062,-0.00028095725278384195,1.2748637728344774,-0.2832469512961425,-0.17995677303482568,-0.2857142857142857,1.5423074476459804
南京,2012,0.8552604145512277,848.1,0.4933919457059191,-0.3433879842619719,1.043212734298497,0.7250707288229051,-0.00024802531006248125,0.4949897193102745,-0.04698628975291434,-0.41247639644528805,-0.2857142857142857,1.1040952838982467
南京,2013,1.0402501206628048,857.15,0.6797125817050467,-0.4799131466528533,1.2212270701614443,0.9593444673564833,-0.00023392188885296104,1.3906481931944201,-0.07078071772995444,-0.4798742644350561,-0.2857142857142857,1.1640124362869642
南京,2014,1.0470191301734326,880.65,0.7971016351757595,-0.6851626249483387,1.456517290949073,1.083826704164821,-0.0002502718350435179,1.3543445960731735,0.10280453045906977,-0.6308523040783318,-0.2857142857142857,1.5962760298240068
南京,2015,0.946426520465947,838.06,1.1124013489953053,-0.7762554707467001,1.566775770752788,1.5082180930077052,-0.00029296655535543663,2.287903409540779,0.38338150064364324,-0.7232887399574882,-0.2857142857142857,0.9790803618377113
南京,2016,1.0847567910592353,897.29,1.20371545417771,-1.035417198600309,1.4827314337626565,1.6330902011769397,-0.0003134018880566032,1.6205349491303322,0.3295169768310958,-0.8170725452871863,-0.21428571428571427,1.586360012792668
南京,2017,1.0880166723800877,913.69,1.3949268444616565,-1.10789619153826,1.9735434816221231,1.896493735824468,-0.0003229303041155306,1.8276643565722697,0.44131421902712886,-0.8817365915632713,-0.21428571428571427,3.0231282653778413
南京,2018,1.0660153679058404,919.2,1.6210341268809962,-1.1996808233899312,2.0911276525307407,2.3563615460725016,-0.00030218220638369964,1.1877859772705355,0.916159410749611,-0.8899681479680913,1.6428571428571428,5.482912610560994
南京,2019,1.101108116024728,924.39,1.8284364321584639,-1.2863135339944767,2.2011415866863913,2.600588515071887,-0.00030093576955623694,1.7424899825610114,1.342758603063459,-0.9809123644945861,1.9285714285714286,3.776855810406846
南京,2020,1.0671693855942628,928.16,1.9744768090535774,-1.385296698359171,2.3209420418190536,2.723093431584123,-0.0002968808701899287,1.8095995259763435,2.1823995047380347,-1.0362551866604301,1.2857142857142858,3.9925576553053324
南京,2021,1.0855838782525498,931.97,2.283628383383058,-1.3215331555621161,2.266332784014263,2.9257682668641674,-0.00030068332560893667,1.8540249712441157,2.7900008705605734,-1.0691247865167834,0.07142857142857142,4.138986611193055
南京,2022,1.0027122047939887,942.24,2.3762632834009554,-1.285383226299493,2.2245252778679085,2.477312619699349,-0.00030170306901997247,1.9155542868900455,2.5517136124086726,-1.035022091041284,0.0,4.171027359172948
南通,2011,0.48656455279269645,723.18,-0.07415719640430989,0.8633917429867495,-0.9473165209861903,-0.046429721720916084,0.00015896991937725758,-0.2597670794625263,0.7452429258398902,0.0267821234331664,-0.2857142857142857,-0.22046372977884277
南通,2012,0.4661515484247502,739.01,0.03072629275903849,0.6909209835778078,-0.7429741380035804,0.06725511908556399,0.00023508260149826993,-0.20491823174994322,0.9564103622736675,-0.13544473586107325,-0.21428571428571427,-0.22130000214143328
南通,2013,0.4524972003594534,750.76,0.16838500833149894,0.5359589789772582,-0.4650012364092621,0.24312984043872077,0.00030396581877483874,-0.11868524713460586,0.29950859202839125,-0.24604799244536976,-0.2857142857142857,-0.1931120199036012
南通,2014,0.5082183093251719,753.48,0.2963374730248016,0.31968978320870717,-0.1817900354262854,0.4268333316533044,0.0003479657218736379,-0.079325210315611,0.9994750829610011,-0.4147359790387366,-0.2857142857142857,-0.02370397795706254
南通,2015,0.5180021785266924,763.36,0.4063433089249632,0.16623446585134713,0.026753233733307277,0.6258047420046174,0.00025834460387435474,-0.08048486694863481,1.0106021767272277,-0.4978248883107322,-0.21428571428571427,0.07496784911856039
南通,2016,0.5361738656988231,767.21,0.6587687134349746,-0.3085877217953302,-0.05596211379935158,0.5140845158982992,0.00019919033290049493,-0.0172559565637329,1.3382170015565955,-0.6668426998894177,-0.2857142857142857,0.3674342675710097
南通,2017,0.5268069968655815,768.23,0.8850845466914208,0.29448242110292433,0.013641164094323827,0.5130309580982134,0.00018931927935635618,0.004662113365176757,1.7770085108418787,-0.7650433819428617,0.35714285714285715,1.199179782961205
南通,2018,0.4865574188801638,769.85,1.066770632922664,0.2577347811949202,0.06909599422605728,0.5543896707433642,0.00021731626192471199,0.0949320192580594,1.6782271385451994,-0.7786621588292646,4.071428571428571,2.0746118391073627
南通,2019,0.561005425061504,769.45,1.2274509387904105,0.22894976738361744,0.11419286551711351,0.5930016666457084,0.00023248827168929383,0.1496191153998804,0.907199408434657,-0.8290725882826435,15.357142857142858,0.8932182183932383
南通,2020,0.4964852913784237,772.44,1.3853957018611551,0.04620691915675486,0.324903855523687,0.6436729826856422,0.00023673491791466705,0.21321487567160466,1.3481862944311225,-0.850350985034753,8.571428571428571,1.5718822138451485
南通,2021,0.5523206831032355,772.8,1.6235436713995208,0.1630187623179508,0.20986676674189406,0.8464004365038972,0.0002311498092616985,0.2473707279955209,1.0981416501063304,-0.7793850305070096,0.0,1.169049917368182
南通,2022,0.6444232879885458,773.3,1.733160184941963,0.26822810753195087,0.08155814578286139,0.5661393010640238,0.0002539731834586876,0.2728560809234298,0.9840829973588436,-0.7038301842064657,-0.2857142857142857,1.2626921183673439
台州,2011,0.33160244542834527,599.9,-0.268881843424883,0.4401046591085736,-0.44925773028022536,-0.45294332349944105,-0.00018647673127115364,-0.3075862201184506,-0.26105356260205553,0.3702495593032455,0.9285714285714286,0.5139112111663602
台州,2012,0.32281932947767716,600.5,-0.23230839365087,0.3546821632732572,-0.16638797237294797,-0.37864737367157414,-0.00014398027813000504,-0.27974669111017403,-0.1060583357948938,0.3223656968815237,0.5,0.008667543456407661
台州,2013,0.4196839540654955,603.8,-0.15612428555184565,0.24490716225317236,-0.015110020989867594,-0.28270484422786807,-0.00011226495336064856,-0.21710775081997197,-0.07962272570088418,0.3389206059921845,0.21428571428571427,-0.19579142536760533
台州,2014,0.34885223952851663,601.5,-0.07620532813154554,0.1952238505720163,0.03168321779970373,-0.21471789207327543,-5.293243193544291e-05,-0.14054904608987873,0.20913019130933244,0.20753303794600098,0.07142857142857142,0.23615977978447905
台州,2015,0.3377821022208716,604.9,-0.0263278581368543,-0.06996912704123187,0.28954760651910505,-0.09982391827924199,-4.107253942698546e-05,-0.08486998804777841,0.4219760399478549,0.0507272062726038,0.5714285714285714,-0.37188219843394205
台州,2016,0.35374466753853684,608.0,0.060961257533651385,-0.17187345405310284,0.452131537904722,0.05983314915576819,-5.666433254784723e-05,-0.029190930008441283,0.4262783278172204,0.1427246461286317,1.5714285714285714,-0.20143809280590969
台州,2017,0.5263308154916823,611.8,0.2307117148450058,-0.11155269705902224,0.33277494411605063,0.19343509802889558,-7.330574915179265e-05,0.02648812803935848,0.30044395079702946,0.04014950118630483,1.7142857142857142,0.5325296117083107
台州,2018,0.47515372267788597,648.8,0.29858809156030164,-0.25707121360795165,0.5621864888547846,0.2817442347803132,-0.00010283231301431841,0.06824742193976494,0.5274878783246727,-0.08125013170310727,1.5714285714285714,0.8008388894103707
台州,2019,0.4727678255254416,654.8,0.36375184884330314,-0.16409449521300185,0.44538844486998663,0.29304086476798236,-0.00037264886067229895,0.11000671550831977,0.6077957985250295,-0.20040137727826446,1.2857142857142858,0.6429616304295513
台州,2020,0.4349540743970765,662.7,0.3838174508870197,-0.3850283584700971,0.6858299165247999,0.1505221088826946,-0.0003667547488289006,0.13088636234112636,1.086004176216175,-0.13213433569232627,3.4285714285714284,1.0893382347271316
台州,2021,0.503033747845976,666.1,0.5322862335262508,-0.3526117842712807,0.6949244024212031,0.32424041691379507,-0.0003686790854154383,0.17264565588394093,1.5038254583563908,-0.040874093215481695,7.642857142857143,0.8013995069666948
台州,2022,0.5802041644483596,667.8,0.6037912394818593,-0.3828217298359627,0.7018363308760901,0.27158316735258786,-0.0003604850016462928,0.26312412517169215,1.2281250003165884,-0.06550762132309236,3.7142857142857144,0.43135712268141396
合肥,2011,0.8360390152039897,765.6,-0.25183521918150115,0.0615723427653212,0.20103569271541472,-0.2119753596128129,3.918866338535575,0.3884092791798381,-0.301649529366144,-0.8591954828423896,2.642857142857143,0.7568755391164096
合肥,2012,0.8369466275808206,772.7,-0.12355622624578493,-0.0016529417101828147,0.2842973774026849,-0.07451954640268114,4.124979954412226,0.49276060863892335,-0.1315573233788639,-0.9074646198236185,1.8571428571428572,0.11540789530108402
合肥,2013,0.799019859416712,780.8,0.0,-0.12506252138067336,0.45886150273196924,0.053511371145337515,4.326519750998028,0.5902492885730306,0.0635847761016746,-0.9378418930381169,1.7857142857142858,0.2912491428734823
合肥,2014,0.7792028543896353,789.5,0.12658882058792814,-0.16961100380447652,0.5584943295337024,0.21329477117851567,4.390208665274078,0.6667840735500875,0.33272402360612663,-1.0263168893689498,2.2142857142857144,1.0826739478523442
合肥,2015,0.6625380644802016,797.8,0.25783040539136726,-0.5159525212749598,0.997709611567025,0.3967541355245907,4.132247094664351,0.7363559898031526,0.6431702871813895,-1.0785027410308263,3.857142857142857,0.320753546018007
合肥,2016,0.6842377412410681,806.1,0.41909728027640253,-0.6293246542894452,1.1808576561916864,0.4996383933143211,3.860309628869975,0.8059629962121684,1.472303706605426,-1.1127499434918333,5.071428571428571,0.40435937161689517
合肥,2017,0.6293206735120276,814.3,0.6039744515418912,-0.8688659044794044,1.5031077982270926,0.5944854334351519,3.7664593017962438,0.8686184976911987,1.9274147215748072,-1.1372605432838194,7.142857142857143,1.1629731148693514
合肥,2018,0.6900424381668009,822.6,0.8856812180200944,-1.1764886420421745,1.9170400547422926,0.729144859736158,3.6499816424307996,0.9312643619347861,2.1002678581439187,-1.1419117937291616,6.0,2.918361060594315
合肥,2019,0.7692475609644969,830.9,1.0482734089390535,-1.3128832363518301,2.089324340197946,0.7994317115427207,3.4893755466470893,0.9869627700733233,1.8658138709191872,-1.1420299841386554,4.357142857142857,2.3639933440237955
合肥,2020,0.7418749169958849,839.1,1.177140940466128,-1.350275207345779,2.1009942597147946,0.8246887446959352,3.572292665706117,1.0495642789297717,0.9520098192938006,-1.2127441183071528,5.785714285714286,2.7870092845429917
合肥,2021,0.859529300839708,847.4,1.4799418021689574,-1.271400151065939,2.03746219628402,1.017929499811469,3.5744455256995953,1.1052370264185962,1.491865855341089,-1.1839289140748745,4.5,3.1836323869702636
合肥,2022,0.796161835292977,855.7,1.5983635875047522,-1.2063563443691285,1.960736960611618,1.165165848425452,3.744604184979228,1.1609684579185369,1.4690970117142002,-1.0793069038916359,5.357142857142857,3.0474470844806456
嘉兴,2011,0.6233421108536176,453.1,-0.023872779093152476,1.272024806150617,-0.9996902075896443,-0.08430304640973697,-0.0003132943349602929,-0.39806469141902917,-0.07864433427948349,2.0437854680950944,0.42857142857142855,0.6797645819596452
嘉兴,2012,0.740007246055041,454.4,0.06910360912804933,1.046306556975069,-0.7689614123919678,0.06556482244547429,-0.0003085503881563839,-0.33542575117456647,0.12076394173631522,1.9975115303307744,0.6428571428571429,0.46584461675730854
嘉兴,2013,0.7096836746316739,455.8,0.17757756712202777,1.207431736754668,-0.5996471952085506,0.18139757042094917,-0.00030266952271284484,-0.18926822396626405,0.35557488129113474,2.0314030937176466,0.6428571428571429,0.545831826833331
嘉兴,2014,0.7432910169284868,457.0,0.2633589722691199,1.1752351678900546,-0.31435042825913057,0.2980472359306767,-0.00030726228370511933,-0.022231050019674303,0.555627048142982,1.86923422366434,0.42857142857142855,0.6307249047880611
嘉兴,2015,0.7384520226124194,458.5,0.3299370937437802,1.0427352998501382,0.0066967025703333705,0.5026917040411626,-0.00033575833687732743,0.13784624168802512,0.6584178855159695,1.8416036240040015,0.6428571428571429,0.33350364595732185
嘉兴,2016,0.7226176017535989,461.4,0.425261930966246,1.1082210023615546,0.06823212687283733,0.6728173398075868,-0.0003497723160246309,0.3048834156743341,0.7424233997272788,1.9561737058315454,0.5,0.39857512295308223
嘉兴,2017,0.7650282014885106,465.6,0.6652128773587945,1.0064963416568724,-0.08311135728302943,0.9222842944209695,-0.0003482485092308217,0.44408106070403697,0.5920875100620003,1.5948540538712261,1.2142857142857142,0.80785369733099
嘉兴,2018,0.7250362570620229,523.1,0.6571795543585052,0.796651508492072,-0.24464045883353794,1.0069522172816656,-0.0003488645237587444,0.5832787067715198,0.8810802694365801,1.4420799019650299,1.5,1.7734375408850944
嘉兴,2019,0.7521850091638917,533.5,0.8070579926915769,0.7959407322937196,-0.22897438760915556,1.1601872745741166,-0.00037326418804981297,0.7363961164271753,1.067575283924364,1.17363842491774,1.3571428571428572,1.919436674171307
嘉兴,2020,0.6925371248050448,541.1,0.8301374631965867,0.5720338292251923,0.029050496400531593,1.262951155098435,-0.00036503302065445743,0.7781554100518151,1.531808106633655,1.1535314784872293,2.7142857142857144,2.473876667755121
嘉兴,2021,0.7772703554051357,551.6,1.0969525703083989,0.8518163027261387,-0.2702017278714796,1.5220195241502013,-0.0003668546243944757,0.8199147037229547,1.9081790543178143,1.1102194964623335,3.642857142857143,3.023207943578088
嘉兴,2022,0.7440454221007503,555.1,1.2203438399306141,0.9498136463043847,-0.3916962959387723,1.1916835474107166,-0.0003649841612484746,0.8547141150276918,2.172408846691434,1.048669388220875,5.285714285714286,2.545946685155566
宁波,2011,0.98578548671248,762.8,0.3905742149176125,1.0192750589326498,-0.45526485222422297,0.7199944795018357,-0.00028793341455036873,0.5971984741413091,0.9529819176462974,0.5139725960173817,0.35714285714285715,0.508725393788459
宁波,2012,0.9168927229142534,763.9,0.518323845366498,0.8442569991950991,0.04819623614072639,0.9146807000221531,-0.0002371309248359409,0.6250380031620718,1.9579582605604697,0.32300061196104873,0.35714285714285715,0.2833405323241408
宁波,2013,0.9258805146013382,766.3,0.6550498216398891,0.7216812297288779,0.2288892424705703,1.1030476201977815,-0.00019013432753043155,0.7015967079643795,1.863861641591651,0.3370594524309359,1.4285714285714286,0.38888582580832515
宁波,2014,0.886429232963378,781.1,0.740712546502895,0.8162497081196831,0.10941775258094365,1.2522029471848404,-0.00015109563376434923,0.7572757661102653,1.1919361955321857,0.2368747767872532,0.7142857142857143,0.44629426499329156
宁波,2015,0.8873204840827712,782.5,0.8413494218189121,0.6450913413674477,0.2605063423868701,1.6613781705535766,-0.0001369394512834263,0.8616739999188444,1.4504926176573627,0.12754903224630745,1.2857142857142858,0.09720703829047174
宁波,2016,0.8983737154179857,787.5,0.9623596447084141,0.610497454519944,0.5066185302370867,1.948057007849782,-0.00014560967355960782,0.9451925869982734,1.1624423968391238,0.23034077455362703,1.7142857142857142,0.25576178485004264
宁波,2017,0.8947486781112742,800.5,1.252199672478116,0.5784630217424125,0.3263140531595834,2.2595885022359856,-0.0001672272090648967,1.01479140963756,0.8685940842692645,0.08889690640620883,2.5714285714285716,0.8618714326265645
宁波,2018,0.8537638624656274,911.5,1.1501818704298825,0.49368086929134514,0.03988985086715922,2.16637989578742,-0.00017605076518405365,1.0843902329725645,0.483907195449795,0.09366758215028578,4.357142857142857,1.4629376180514555
宁波,2019,0.816918514406691,929.4,1.370622293222228,0.1457304750682295,0.46269550006406923,2.3137973102409046,-0.0003445761552019491,1.2096681136659075,0.549893744533574,-0.088872969819115,4.142857142857143,1.2774764467896162
宁波,2020,0.7877767576436286,942.0,1.4258349876086078,-0.12820129479978368,0.7737948091209532,2.3666288931311508,-0.0003453311488094511,1.244467525016819,1.29052530308175,-0.10229890293513515,5.142857142857143,1.7485335722394357
宁波,2021,0.8556496068044179,954.4,1.848008254905232,0.11004990639411551,0.5372125763787866,2.8141230020059793,-0.0003614898325437972,1.2723070541107055,1.9487618958034547,-0.20879404317906167,6.285714285714286,2.166916005711625
宁波,2022,0.8983262139762388,961.8,2.0543246896755827,0.024783783564603767,0.6366219378913416,2.684261265793414,-0.00036780655345101384,1.3071064654287379,2.1649134652933277,-0.2997470189394521,4.714285714285714,1.8894743267522445
安庆,2011,0.2469561024026298,618.3,-0.806318020194458,-0.1931825102348163,-0.8880541132697302,-0.9335204027021407,0.8675659722551782,-0.7390820347534203,-0.8009073149426319,-0.2854243896619483,-0.2857142857142857,-0.5354935876133426
安庆,2012,0.2179102344322604,616.9,-0.7757468635702722,0.12924665843408947,-0.7753118035725958,-0.8853280601964165,0.9204120393147786,-0.648566296499762,-0.754910326354656,-0.2741704674260404,-0.2857142857142857,-0.5559545877000138
安庆,2013,0.2822947795988213,615.6,-0.751746459849507,0.05742601432279142,-0.7392084722912313,-0.8383806051720916,0.9865017928149076,-0.558114846936393,-0.5969238043354382,-0.14822567020373215,-0.21428571428571427,-0.6098507875116471
安庆,2014,0.2650778681545783,614.3,-0.7058032368968156,0.1863864234712162,-0.80424352413325,-0.8116496328705478,0.966677560401724,-0.4746449205611776,-0.5258925272192645,-0.28910498689030956,-0.2857142857142857,-0.6610092729080256
安庆,2015,0.4765077165965565,613.0,-0.6919148531652461,0.09836471449926246,-0.7179360740237513,-0.8075087650856946,0.8997645702436072,-0.39808739684863925,-0.14713547696408644,-0.6440085913816912,-0.21428571428571427,-0.6621587583066258
安庆,2016,0.27758962713209095,611.7,-0.6493743407594078,0.009227554782812465,-0.5437942210021292,-0.7289626555344602,0.8954001297167953,-0.3215458072642576,0.17253390487483297,-0.6574717188252123,-0.2857142857142857,-0.7371982765022543
安庆,2017,0.4174074924532451,610.4,-0.5772709446033665,0.09848255752240126,-0.482036121677192,-0.7533191923821076,0.9401299207935276,-0.2518615533373315,-0.3614605363275156,-0.7373584502903389,-0.14285714285714285,-0.5095582559554545
安庆,2018,0.38495298550988144,609.1,-0.47959789312594014,-0.21437091458415652,0.020407203808802853,-0.7079941344645811,0.9996771858096681,-0.17536673966198157,-0.2788879217845726,-0.793135874055452,3.642857142857143,-0.30550280729317714
安庆,2019,0.44187858338683733,607.8,-0.425636991370393,-0.34068658639630234,0.15766176802733234,-0.6930420021660477,1.0548495727621416,-0.10575879552043443,-0.3324809531002931,-0.7862526092875501,2.142857142857143,-0.3682961459695948
安庆,2020,0.5100305833216378,606.5,-0.41585980477067486,-0.48573199237788695,0.19113706174451273,-0.6752077435408053,1.1412104069398536,-0.02919666776833648,-0.5217751266688653,-0.7369085559946832,2.0,-0.06122976368786412
安庆,2021,0.539819580475107,605.2,-0.33833036637387676,-0.44198590592838927,0.20453135529377858,-0.6209138961734926,1.1708024630538552,0.040449292954654055,-0.4022050876575444,-0.6787768054564955,1.9285714285714286,-0.22055340523066239
安庆,2022,0.3257700792188073,603.9,-0.2851747312345229,-0.357015796067547,0.1330667240053735,-0.5506917671070949,1.2290478790395616,0.11696429222769571,-0.4012292491050169,-0.5705380825910961,2.5714285714285716,-0.3383160565595579
宣城,2011,0.846307645998789,262.7,-0.6889053613636816,0.6925717290831762,-1.0935364065788822,-0.6157952734102257,0.9827080235101505,-1.010566126585683,-0.4767981777576295,1.551495057088278,-0.2857142857142857,-0.33488490819998534
宣城,2012,0.7651322785263602,263.4,-0.5964584704150667,0.45333776007136695,-1.2876864400663623,-0.46075782866543247,1.0967443762248907,-0.9339174984451518,-0.28494980718944857,1.001187439472825,-0.2857142857142857,-0.46719011385514164
宣城,2013,0.7755919369400532,264.2,-0.5236723299235072,0.5612895786303371,-1.3235156024108172,-0.2888148671545458,1.1053428049988574,-0.8505044605341359,-0.2303246515204356,1.0803728216538222,-0.2857142857142857,-0.2836836219477637
宣城,2014,1.0489066087530012,265.0,-0.4594734293782684,0.3194450782319636,-0.9808216384144653,-0.1864261836008008,1.059260314464828,-0.7668071373139898,-0.052929194705982355,0.8026015837701738,-0.21428571428571427,-0.5620614815525617
宣城,2015,0.9947277034600139,265.8,-0.4413505318458046,0.27874185455895256,-0.9349831175334578,-0.09475835784419723,1.0323686876564369,-0.6833517888654385,-0.0668811220252677,0.6393710418878674,-0.2857142857142857,-0.532480957226051
宣城,2016,0.8662206770558225,266.6,-0.37531842271391447,0.11732805037475005,-0.6913050820358083,-0.03344699164193683,0.9522041504938665,-0.5998751760219053,-0.12647891849015575,0.7197970847931175,-0.14285714285714285,-0.5000305459707413
宣城,2017,0.9220631173190201,267.4,-0.27888751464351214,0.031013292357043927,-0.45737066680360505,-0.006619091180941814,0.9951228381492048,-0.5163774896380955,-0.1844766691424191,0.6146965098256001,0.0,-0.19990417916417752
宣城,2018,0.8728241775382742,268.2,-0.14421985681389546,-0.0023961919124375988,-0.28283378544088683,0.07342971815890349,1.0745140779138784,-0.43285891829154843,0.13805566149963433,0.7007102658965653,0.21428571428571427,1.0380528290071809
宣城,2019,0.86193267723897,269.0,-0.044740302255604034,-0.012692435582217935,-0.28009816347155164,0.16868025877713674,1.1325004224753523,-0.3493196483165047,-0.12625379921467791,0.647476413105336,0.2857142857142857,0.6698222760723316
宣城,2020,0.9480278451976547,269.8,-0.02311776994629455,-0.01693567545839374,-0.3612467802961809,0.1922020615679918,1.2685915272428478,-0.26575986383716016,-0.12704687893909222,0.8998185694200227,0.35714285714285715,1.4155782225779205
宣城,2021,1.0640606265165178,270.6,0.12616861125893325,0.09750527750953526,-0.4010711414827109,0.3060607296619697,1.288944945589171,-0.18217974680033788,0.08937782916533046,1.0114572510512996,0.35714285714285715,2.1925703577397035
宣城,2022,1.0813054365119954,271.4,0.2070400236573582,0.22778034208172468,-0.5269295855829593,0.34825846883486244,1.3469283117983235,-0.09883592071562307,0.08659257506365639,1.0594221944542697,0.35714285714285715,0.1890746947163489
宿州,2011,0.6108004002146026,615.2,-0.9381659643354001,-1.1153785221349717,-1.1584385090612193,-1.0528270374572422,1.1742346232736218,-1.9013494772838255,-0.8053762289080021,-0.5094587451569325,-0.21428571428571427,-0.752749483179825
宿州,2012,0.6063830238068906,617.7,-0.902930838867599,-1.0405122125664221,-1.0557689863052304,-1.001866334393238,1.2393456781418657,-1.8039992130604685,-0.7579712656899273,-0.3573507951893847,-0.2857142857142857,-0.7560105520039224
宿州,2013,0.46685401974127766,620.1,-0.8686589278967498,-0.9249955251732871,-0.9761968859028478,-0.9558950024148425,1.3511996006119085,-1.6995144077053639,-0.7199809351394754,-0.36800495280429973,-0.2857142857142857,-0.8034458424580474
宿州,2014,0.4609987830675777,622.6,-0.8296324458031811,-0.9086745383008362,-0.8104979281445678,-0.9190938599584714,1.4426063244411145,-1.5951331358268457,-0.6824893813547899,-0.5469278954736437,-0.21428571428571427,-0.7621254460437072
宿州,2015,0.37502733976192804,625.1,-0.804196034973542,-1.0363853885266465,-0.5368410757471342,-0.8879489072627927,1.4154687488630384,-1.4908073984244024,-0.7119044310680845,-0.6070423808181085,-0.2857142857142857,-0.8255719770859193
宿州,2016,0.3609916170242685,627.6,-0.7521059968767875,-1.1917339371621678,0.05885652073709494,-0.8552129799815041,1.4685793492647121,-1.3863147382743408,-0.6598507729126591,-0.7052777410450581,-0.21428571428571427,-0.7090848501743877
宿州,2017,0.4737262577924473,630.1,-0.7006916822925935,-1.336495112251826,0.3360828116660262,-0.8407026015079289,1.5726144322022115,-1.2819885126027133,-0.6760473093701592,-0.7728336717049052,-0.21428571428571427,-0.6764329875551242
宿州,2018,0.5252017142703361,632.6,-0.644488442836229,-1.3207665542332583,0.5855693981364418,-0.8019559737230456,1.6868413277848844,-1.1776067076510508,-0.6221523741205783,-0.7628217976728898,2.7857142857142856,-0.4491669805602755
宿州,2019,0.5749783258233032,635.1,-0.5854440031318685,-1.3870942364983796,0.6229269974516066,-0.7384554636591019,1.7931252071764339,-1.0731699797641812,-0.5364553799841424,-0.791690937244385,0.7142857142857143,-0.4804887625457619
宿州,2020,0.6530094842467954,637.6,-0.5827817163138577,-1.463853188246093,0.5415290124033064,-0.729725841924914,1.9934084884127006,-0.9687881324937417,-0.6166816956241629,-0.7444903320399274,2.142857142857143,-0.30800712040306677
宿州,2021,0.7259722787004471,640.1,-0.535869034714599,-1.453128663886022,0.5795225318627526,-0.6806313943781115,2.1494634865007827,-0.8643517916370558,-0.5871404925489164,-0.6303612071485333,0.7857142857142857,-0.32825171903706424
宿州,2022,0.6879125255788736,642.6,-0.508418421153234,-1.42616249929779,0.603682445542758,-0.65678902534192,2.2796694621937847,-0.759969901365314,-0.5881846068320734,-0.5160503032978389,0.2857142857142857,-0.21553300847679657
宿迁,2011,0.159032932994126,472.28,-0.6409057406089254,-0.05452668893892266,-1.0698032344471067,-0.5819424464095941,-0.0003005696142372011,-0.824698929713313,-0.7863689675115658,0.056720116345734116,-0.2857142857142857,-0.5677336465393791
宿迁,2012,0.19236245114813835,476.64,-0.5619212905734475,0.01220947577184449,-1.016217382507712,-0.4570033224370332,-0.0002653194897705381,-0.7196315767783116,-0.6931378977438567,0.20822799356961696,-0.2857142857142857,-0.4952624606430429
宿迁,2013,0.23808760364951742,479.8,-0.4713544423689238,0.12386585906720858,-0.9101444904811643,-0.33699190245008886,-0.0002436411049818563,-0.6346716757728302,-0.49223977206797087,0.32031509478620845,-0.2857142857142857,-0.5653444007951554
宿迁,2014,0.2357126604690169,485.91,-0.4065414249812592,0.1557670325119803,-0.8956964191590788,-0.23365106430346905,-0.00023565050077200777,-0.5393655835490508,-0.16227362402397408,0.23497951216200033,0.0,-0.4574355542857338
宿迁,2015,0.26370342460079027,490.22,-0.33406063896337296,0.17530516674573124,-0.8351740968241584,-0.1263113587813584,-0.0002646764913772628,-0.4432080924953941,-0.4673298027259669,0.05448004231070912,-0.14285714285714285,-0.20515369219478302
宿迁,2016,0.3301826600235449,492.38,-0.19626753107317896,-0.11069632930066584,-1.043448201676958,-0.12012819568003384,-0.0003106355054507638,-0.2679463576376598,-0.06603892815055046,-0.05916410565695709,-0.21428571428571427,-0.6134179156538142
宿迁,2017,0.34092208740362806,493.94,-0.10035505949479927,-0.2518828914408115,-0.1540306401431808,-0.29203439086348815,-0.0003387673034960053,-0.18027225774228595,-0.023356474540112825,-0.25773683063003994,-0.07142857142857142,-0.11451411474331429
宿迁,2018,0.4367470878861814,496.49,-0.048622933866630656,-0.4082706101377953,0.010641484804919417,-0.2715385336632794,-0.00035215082491962417,-0.11084019527492367,0.30014690872734845,-0.10328573402272781,2.5714285714285716,0.1521293580812475
宿迁,2019,0.3347648592203926,496.59,0.03913194115982045,-0.4977999819253977,0.15774029763923114,-0.24311749418671022,-0.0003665892523244453,0.07418306046091702,0.06928867597623053,-0.07250061175386951,2.9285714285714284,-0.2593127136296555
宿迁,2020,0.3244902302355007,497.28,0.1119734347808105,-0.6004469690024825,0.2876229824621637,-0.2061830741211519,-0.00036765545791210465,0.16106712368799822,0.6808409880993146,-0.0646901834801242,0.6428571428571429,-0.001223979480762088
宿迁,2021,0.3626874763504413,498.62,0.3475888136861355,-0.3960984146750089,0.2275149568304266,-0.0011691873146024078,-0.00038366034355064304,0.22853296934910855,0.40983115711307977,-0.11516378107017554,0.5,0.6773492539616798
宿迁,2022,0.42188270432339,499.0,0.4434015514604001,-0.2489551444508028,0.05979810997671887,0.015537799377093235,-0.00038385947483343745,0.2619943624737804,0.03246842512367971,-0.08353420356674446,-0.2857142857142857,0.10789541173625102
常州,2011,0.8498116723519873,456.33,0.36510774195587625,0.8671650883325002,-0.42779843036940784,0.5133351556606959,-0.000344830548133105,-0.9853150700048299,0.06660225181615757,0.8820697931730671,-0.21428571428571427,0.7800206766041804
常州,2012,0.7853567290091059,478.65,0.4540476044448651,0.6864196322756854,-0.22743764580360568,0.5641034890932901,-0.0003306279491832896,0.3525876543692706,0.3314884040711068,0.7252032638383866,0.07142857142857142,0.3969973071858679
常州,2013,0.8404699653302272,497.14,0.584973975606259,0.4744314047919746,0.05126805128363339,0.6321915933270917,-0.0003334998437705546,0.4372477376728068,0.2917991013354401,0.6988640812873993,0.07142857142857142,0.3485115013506067
常州,2014,0.8355274612528787,508.12,0.7235806813365787,0.24717612730016428,0.3274916868968535,0.7019515304987928,-0.00033270841884395965,0.5303769171232151,0.46426120698043427,0.4189446004730713,-0.21428571428571427,0.4071817265844601
常州,2015,0.8305430554286936,516.05,0.8373591404947199,0.08356495480832729,0.5224120427623539,0.8121864070949625,-0.00034680859906456184,0.6293463702271146,0.6897486692401437,0.29517968004805006,-0.21428571428571427,0.7767216573832548
常州,2016,0.8253628214542258,516.68,1.019609275429996,-0.041754776299385336,0.7338156460140715,0.869927842565912,-0.0003652374991791365,0.9089146620919959,2.2805854131105843,0.19346205047949316,0.2857142857142857,0.970314235435959
常州,2017,0.8016156599426113,522.52,1.2715068106950271,0.12827462743368112,0.5181595500854894,1.0104990899470057,-0.00037063795526056064,0.9416329899338274,0.30564339879160657,0.020147280911490536,0.5714285714285714,1.6103322970308271
常州,2018,0.8220645511965232,524.07,1.4234001940223693,0.06912497652148734,0.6057174582625735,1.1798352930829201,-0.000354939927020086,1.0489182957751635,2.095232970520043,0.04957449726185346,4.5,3.4645438959212274
常州,2019,0.7944839632062378,525.32,1.6100985277738977,0.076564308316775,0.6186466190425207,1.2996807287568304,-0.0003367444510214027,1.0897263327638091,0.8926592642715426,-0.05444992195854899,11.5,2.0768890630848236
常州,2020,0.8146134295850973,527.25,1.752616546635455,-0.0803191779367752,0.8019042519769433,1.4024110968731078,-0.00033516411906421887,1.1856599805715065,2.039808963054659,-0.1079916273863181,10.571428571428571,2.2674629882462503
常州,2021,0.9479826049276406,527.96,2.2117576406068924,0.06996288397336643,0.6628519378934353,1.6995633065045477,-0.0003481530781621912,1.2867994658673596,3.0255010877885926,-0.17779653430201414,0.7857142857142857,2.192923649154662
常州,2022,0.8548835739271506,534.69,2.359654317116354,0.21426770549253862,0.5018497149425586,1.429308095263832,-0.0003588104774945153,1.2676606197895048,2.8177350694157832,-0.227635561205793,2.0,2.0835295150577378
徐州,2011,1.1561414476301388,658.21,-0.12318267069417323,0.3523577684537346,-0.6757662203165415,-0.11899380438373865,-0.0003964096978082304,0.7808651988708749,-0.4726709097751551,0.4304329543577916,-0.2857142857142857,-0.3522360398501458
徐州,2012,1.1576148683864207,659.23,0.015631708430313286,0.2336787981327744,-0.5525259380680337,0.041500526474674296,-0.00036672584861922967,0.6797481898343956,-0.2951086150434736,0.36964000744378867,-0.2857142857142857,-0.31922142903179596
徐州,2013,1.1780036133562175,660.35,0.1653680809191443,0.038540814791477855,-0.2932766645486138,0.2279094742504046,-0.0003459521098814548,0.83391509832487,-0.4073358082919462,0.1816037541021473,-0.2857142857142857,-0.3420398135545495
徐州,2014,1.20233996557426,665.03,0.2887842696385637,-0.2017624294256414,-0.05229417029413071,0.3830889408992227,-0.0003293565574626415,0.9705493803922757,-0.38510238062000335,-0.10554904396671422,-0.2857142857142857,-0.07101452009360738
徐州,2015,1.0922444990770972,673.75,0.3747794607265296,-0.3155783879814535,0.08598117175237902,0.5549181113876226,-0.00033757579538630376,1.0616769973878588,-0.3840075793417823,-0.1933203342651946,-0.2857142857142857,-0.12506619079725861
徐州,2016,1.0170310977374806,678.86,0.5066914344732931,-0.4314340767989053,0.23596276633574587,0.49395527131289735,-0.0003512046858319875,1.189711992732047,0.15327521720021578,-0.33903580186135945,-0.2857142857142857,0.04583415969649197
徐州,2017,1.1590684738901205,688.05,0.6355267756560722,-0.6463662556856747,0.40421003820072127,0.4248989906835034,-0.00035371720496654653,1.2982914215345354,-0.2905004417037827,-0.4885348339885538,-0.21428571428571427,0.15498850469500244
徐州,2018,1.0169674618375946,698.42,0.7157813017446468,-0.7802293644327583,0.5965744601385122,0.4789570076892158,-0.00036148809242295246,1.387292494212961,-0.3231163313008051,-0.6646140259073758,-0.2857142857142857,0.895967544495533
徐州,2019,1.0289946591024535,703.35,0.7994999862193307,-0.7874610311989129,0.6048308747546757,0.28454383467959704,-0.00037083905529870185,1.4616403897535797,-0.1935377987269199,-0.6586859673782678,2.2857142857142856,0.4868668904286323
徐州,2020,0.9353160049964382,706.29,0.856449313594283,-0.813832721799984,0.6105863325320524,0.3208181637646967,-0.0003710734386073018,1.5563885765339234,0.5760208354222468,-0.7556978290519959,1.4285714285714286,0.9548653563638022
徐州,2021,1.1061536639146088,709.39,1.0503849823328424,-0.6540115268790514,0.5039997438495989,0.48782724699006386,-0.000372697968979849,1.6649292181401638,1.3263096085321049,-0.7923299395076729,0.0,0.7344629404308547
徐州,2022,0.9784181609693255,902.65,0.6683943994757923,-0.5224005873394542,0.37306025485218564,0.07898677685088197,-0.00037248750910222453,0.4618749704331236,0.27164713420343045,-0.7232242019012592,-0.14285714285714285,0.9821115075282258
扬州,2011,0.5253051150482397,446.08,-0.02348009789411435,0.8448938922813197,-0.9228703086357165,-0.10615886227084687,3.4596302088456435e-05,-0.23560586198309658,-0.4129339856604725,-0.23662906809131595,-0.2857142857142857,-0.12880331610587106
扬州,2012,0.49534618231612343,448.3,0.10528556292595051,0.6954288743656637,-0.747615848058356,-0.0793596436030376,6.991351819426059e-05,-0.23916885653931905,-0.1887480393007361,-0.40533559160560206,-0.2857142857142857,0.3984688481857353
扬州,2013,0.5243088132942413,446.72,0.28236232660638577,0.5483178765588995,-0.4994451503576649,0.09481107778527842,9.118902319110143e-05,-0.09185106144716115,-0.49081034590461364,-0.39543332251778807,-0.2857142857142857,0.09284455926871335
扬州,2014,0.5036049858400892,447.0,0.4498329071496932,0.46367479537807826,-0.36684795738574366,0.27242068256284446,9.559337820105452e-05,9.662570822825124e-05,-0.304831246287599,-0.5567593889954354,-0.2857142857142857,0.14272943288397225
扬州,2015,0.47746073472530176,447.73,0.5890307309280454,0.35900853594525484,-0.22903373247352565,0.47606752544930603,8.934997172808775e-05,0.06493590599742635,0.2953850823516114,-0.6573077774652606,-0.2857142857142857,0.09952001266879597
扬州,2016,0.7100975811117695,448.38,0.8184534747065025,0.16479906079676596,-0.20468272016366715,0.5159731772927125,4.825287422766301e-05,0.2155511117275929,1.3726705705513245,-0.7729718998984628,-0.2857142857142857,0.4380970817986442
扬州,2017,0.7510615195335079,448.14,1.059306891877477,0.2010685269023877,0.051815015714153506,0.39246829924892856,3.113582566244145e-05,0.3477432070491163,1.8351071013158207,-0.887535266785049,-0.21428571428571427,1.5139581596140277
扬州,2018,0.7901803127361982,448.13,1.2372201563983036,0.09827127104013797,0.193737057050412,0.4908236943976179,2.8124606143516223e-05,0.5040856416958439,1.953881185971717,-0.934908654933744,-0.07142857142857142,2.886232422310701
扬州,2019,0.7766810609769398,453.1,1.3513316220232887,0.004103934907777376,0.3105879720491687,0.4172869746029409,4.1785987297042265e-05,0.6629463930095489,1.8992566819435754,-0.9624635367083312,5.428571428571429,1.0313084465377462
扬州,2020,0.7970139441755875,454.9,1.4350567415468887,-0.14351427766776068,0.47322578657528436,0.4522912454664408,5.927505478224529e-05,0.7724378704032251,2.314970255015384,-0.990159637330451,2.7857142857142856,1.2647071236652692
扬州,2021,0.8061187365068061,455.1,1.7084250703042034,0.0807330351629509,0.2586057727675947,0.4847335970167566,4.650873254959214e-05,0.8441251820999659,1.4939256151698264,-1.004639343541635,0.7142857142857143,1.6976847144834775
扬州,2022,0.8269830372898108,457.7,1.8940197557616238,0.21391479434396732,0.128868506812351,0.38509558313223374,5.05194289277875e-05,0.8339606778971673,1.018638467025703,-0.9852582827175689,-0.21428571428571427,1.0835875628698535
无锡,2011,0.9060876546787986,637.56,0.9515085724181164,0.8334433269902469,-0.21048701821387897,0.947716828954334,-0.0004796821393846064,0.7538087049536003,1.1191021229976565,0.5650864111725804,-0.21428571428571427,0.3587980442785969
无锡,2012,0.8445004398778774,669.92,1.0522399312140969,0.6973598977656662,-0.056850568917158964,0.9868638061092033,-0.0004822217299729602,0.526292283334886,1.9813444356088123,0.25640287539935847,-0.2857142857142857,0.41409643346728703
无锡,2013,0.8693358085519345,690.61,1.0431095017932241,0.5866849057712242,0.08893369846792469,1.0915043000821931,-0.00047435937253292014,0.8637676778923719,3.5131785966490265,0.3206316872283654,-0.2857142857142857,0.11198631674408861
无锡,2014,0.824919801713731,701.39,1.1322217184465841,0.33884232072007203,0.3742967292784775,1.2370881546111494,-0.0004791209465608906,0.9236157505358698,0.6159924206582177,0.12264587504899374,-0.2857142857142857,0.46025723028352944
无锡,2015,0.7883678781423495,711.2,1.1877274261106168,0.26447591251218955,0.4690448438078249,1.3970338044412,-0.0004860526974354015,1.0518181389818606,0.9509534912838178,0.029969531924515264,0.14285714285714285,0.6231774762974669
无锡,2016,0.8130305830941341,723.98,1.3717388955549028,-0.05263349988637349,0.6713797710142477,1.4892722251624544,-0.0004882965717287245,1.1685757936015342,2.8018818701314947,-0.05156497654820451,0.42857142857142855,1.0218078767635976
无锡,2017,0.8247452657411486,731.32,1.6109324362811261,0.007436237433093412,0.8082224417317554,1.629279641713255,-0.0004849461713621627,1.248658755845831,0.6057304777879366,-0.12076202379656305,0.2857142857142857,1.8107509441497853
无锡,2018,0.8673724549861821,758.76,1.7429638278241795,0.04680098726721982,0.7866594104457774,1.7678992011410828,-0.00047818885324135766,1.0359462372128991,2.1964142001698983,-0.16584693424445388,3.0714285714285716,2.966918365882512
无锡,2019,0.8874671736330902,742.5,1.9684156848030687,0.03156487426376231,0.8152755518640042,1.904644449089421,-0.000472161610964843,1.4138480922303742,1.0518841300582193,-0.23522622132902685,5.357142857142857,1.8020822201886668
无锡,2020,0.8319823824023074,745.36,2.099812768265236,-0.07319127442887394,0.9361698131800897,2.009999457219213,-0.00047049810513777096,1.5221606252053062,2.1531918462183577,-0.31469468829267777,5.0,2.2613037743270326
无锡,2021,0.9161617598286137,744.4,2.581024967572497,0.08574862105617796,0.768128785686543,2.386259745268397,-0.0004738173060367136,1.5932844056519642,3.101813387815282,-0.39815333805065956,0.35714285714285715,2.071671592940286
无锡,2022,0.8864457220958893,746.7,2.7635357826445186,0.15490395760157571,0.6913677149063273,2.175711430451588,-0.00047195829997706063,1.6169661633218495,2.5558732903863564,-0.5241051613971947,0.5,2.04800541859186
杭州,2011,0.5894320128436831,873.8,0.4058812605877693,0.032878154987857774,0.7336456354917353,0.8010675396879138,-0.00019720809057439807,0.9591123521497391,0.38120298531249797,0.46400458287776747,0.14285714285714285,1.2045126219049016
杭州,2012,0.5567942692410324,880.2,0.5675861721506312,-0.16811410850849323,1.0424884180240708,0.9752942945942762,-0.00020286818801279832,0.9869518812090897,0.8506943429992734,0.23590968397496884,0.07142857142857142,0.5853305856119868
杭州,2013,0.551382725195518,884.4,0.6817865872520965,-0.37833170458448057,1.4894364000575098,1.1788540805642735,-0.00018201470904494579,1.0565507037787452,0.9205816147145849,0.2615236824811551,0.5714285714285714,1.1410506083104806
杭州,2014,0.5566810824877433,889.2,0.8631317355360317,-0.4663444662854719,1.5788130018199513,1.3710394618026684,-0.00019671465076829102,1.0983099973360424,0.9957923294154601,-0.005411498300081262,0.5714285714285714,1.3399626726821219
杭州,2015,0.49923509246201286,901.8,1.0226117394830343,-0.6805470525515231,1.9924287792939819,1.8436522122141197,-0.0002159855196638833,1.16790881996232,1.704462705838401,-0.2089327962042364,0.21428571428571427,0.9773341513665147
杭州,2016,0.34152815675241166,918.8,1.1976435759478148,-1.0128677688286665,2.601662314422219,2.1945250848279385,-0.0002448977473230858,1.2583872893802437,1.0577424243728843,-0.32112208321084573,0.5714285714285714,1.414782784348842
杭州,2017,0.30291713797434505,946.8,1.4435552103268354,-1.3352234201611848,2.8560244314188186,2.4812253679525327,-0.00026666266181534626,1.3349459943570599,1.0366689981519435,-0.42137573272835516,1.5,4.137544407792887
杭州,2018,0.3689864407314915,1125.4,1.1930264857593096,-1.5235268728949138,2.4464631060324704,2.4062160626947136,-0.00028065743375932546,1.4115047000966343,1.2346676759066761,-0.4130728357045224,1.5,4.774053631807674
杭州,2019,0.41001286125775804,1161.3,1.4387885931947326,-1.7703919909302346,2.7506741712716893,2.5642677970480863,-0.0003040282306417838,1.5646221098834854,0.024894145127512625,-0.6391157399031516,2.2142857142857144,3.6674696269138525
杭州,2020,0.3790430440752817,1196.5,1.4832086960305013,-1.9768358111647775,3.001341163414909,2.6901003462007194,-0.0002976173060349588,1.6133412858227187,0.5114537710946606,-0.7531032493696564,2.7142857142857144,4.02450217130559
杭州,2021,0.3845888135863191,1220.4,1.7577138642786414,-1.9330643281034288,2.9753944632322242,3.1473169878518226,-0.0002956945702883867,1.6342209326866375,2.811905525706217,-0.7491754381789797,2.857142857142857,3.917256881447606
杭州,2022,0.37215963821323733,1237.6,1.820236000801764,-1.9724756586015841,3.020422805724811,3.201811198204937,-0.00029746150666711896,1.6620604617785846,2.8082803092827238,-0.7344639055434242,1.6428571428571428,3.379685321448293
池州,2011,0.6246591364063123,155.6,-0.7211402717245281,0.4088905481312131,-0.9271250797226684,-0.6086677587169534,1.4929971347566715,-0.6971428337314832,-0.6066938837825868,0.5461029803093252,-0.2857142857142857,-0.32292614402140457
池州,2012,0.606439759123064,155.5,-0.6432861453651657,0.15829997671818863,-1.0259092272754418,-0.4458501222735572,1.3543773098783192,-0.6067268996748821,-0.48703020518182116,0.7018611225074719,0.07142857142857142,-0.6417254747177626
池州,2013,0.652767491814187,155.4,-0.5826354996419187,0.09439026771497985,-0.9089568211012291,-0.2629688856840795,1.5723380384447463,-0.516194600195535,-0.3617446207791244,0.8626066513228633,-0.2857142857142857,-0.4667233583140276
池州,2014,0.7452128711910353,155.3,-0.5202009156750356,0.037287289005030665,-0.7786057519125866,-0.21520389570373577,1.6477027629321475,-0.43271622663362136,-0.19990085673246846,0.7864016585547177,-0.07142857142857142,-0.47448247899516494
池州,2015,1.1088687845178502,155.2,-0.46650287223569503,-0.10044723302111913,-0.5399352427342043,-0.1736701881926746,1.5716500855197975,-0.3491302778487373,0.0,0.7255391448748655,-0.2857142857142857,-0.5964661001557062
池州,2016,0.6010234052123931,155.1,-0.4040926961388253,-0.1895938868011923,-0.31962285250734873,-0.17086605712019645,1.4129494843339103,-0.2658852809176422,0.12083984113596562,0.9074336338851392,-0.2857142857142857,-0.48899728744217374
池州,2017,0.8003511537353973,155.0,-0.32241601882621057,-0.268446407474933,-0.12710987936067739,-0.25985176702509083,1.39517506593163,-0.1892682409755309,0.1660408687473783,0.7750680104526437,0.2857142857142857,-0.15802460979086153
池州,2018,0.8119196089608579,154.9,-0.22849506978461426,-0.32553014620025245,0.03668081133123711,-0.2692798100457682,1.3060260122957248,-0.10581255842233893,0.24564456008992144,0.7223254891268034,15.785714285714286,1.9400668591941064
池州,2019,0.8122784554113995,154.8,-0.12989777983227926,-0.35806580929724996,0.05232862337212467,-0.28158780484015117,1.2158323573351868,-0.02224905199057554,-0.14647214860375524,0.8426965701989596,5.785714285714286,0.33854426326042525
池州,2020,1.669400687920584,154.7,-0.09955500272570371,-0.4037066414557402,0.05935419042026856,-0.2333626326070798,1.2804776263056392,0.06142248741583956,-0.28858364410603415,1.0766123015675564,3.5714285714285716,0.8483672816403013
池州,2021,1.5985116799485588,154.6,0.0957791666901759,-0.17541842504004618,-0.06201379762450159,-0.12692758789433597,1.2865129117372927,0.14475208300338238,-0.21843917896324624,0.9636947858491843,3.0,1.5812905718298103
池州,2022,1.4590514393820293,154.5,0.1925216580018609,-0.04395513895384203,-0.17492421269869102,0.0009079478281064821,1.3254984659412299,0.22818954861687873,-0.2180268291605132,1.0223588392665879,1.9285714285714286,0.024564032639646925
泰州,2011,0.7262816770642654,362.13,0.13455580989054294,0.811826157123225,-0.9130827226720569,0.05884934820582126,-6.745225951604254e-05,0.027859419784492946,-0.28360367307845963,0.4258264107842748,-0.21428571428571427,0.04608828785326804
泰州,2012,0.6382001419004253,460.21,-0.028650995894198845,0.7073083281969057,-0.7749709933210155,-0.11484624958512518,-2.3142326675487713e-05,-0.9151935757622036,-0.18007448943692403,0.3273008826901171,-0.21428571428571427,-0.12309791072348822
泰州,2013,0.6630788752122379,458.8,0.13266655187725174,0.576992553233181,-0.5415543166035702,0.02228627401195891,-1.3995549605281707e-05,-0.1543959978646703,-0.06566903378747117,0.1114464100398564,-0.2857142857142857,-0.3807344315806145
泰州,2014,0.6694995587260252,457.42,0.26989452372731726,0.38965544968640736,-0.28933369446003815,0.15537146953545306,2.4623237741920678e-05,-0.07513784060504712,0.17077369708514187,-0.030970998456825254,-0.21428571428571427,-0.3131802338312231
泰州,2015,0.650029898111357,455.44,0.41491882416076575,0.24500593602820098,-0.08612356933398255,0.3494067415910665,3.600272158053366e-05,-0.034504062149105175,0.230070614388562,-0.3097053125225854,-0.2857142857142857,-0.3385395352661181
泰州,2016,0.7452447429373391,455.51,0.5022971351664407,0.3178380981032826,0.5324811613446603,0.37168245073929945,6.016459313805898e-05,0.2356077506614258,1.7072248305328406,-0.3123754237412085,-0.21428571428571427,-0.055108714892957454
泰州,2017,0.5151363149633549,454.63,0.7405456780431968,0.3084229994731684,-0.16360557410974225,0.44472452046619365,3.212920674791095e-05,0.2144637324728767,1.7022714621764632,-0.30096355446365713,0.2857142857142857,0.5787231500540049
泰州,2018,0.5621889046682482,455.78,0.8854078652530901,0.3769015292240757,-0.2474342738499754,0.5459296891442683,1.7426211091677326e-05,0.3068975637582141,1.5465925861937273,-0.37346391717802885,4.642857142857143,2.0244460309615255
泰州,2019,0.7928805370537325,453.01,1.0476948026775141,0.22657930097542459,-0.036852278866975965,0.5983112886902475,0.0,0.4577293494144139,1.2008198227373272,-0.4530674386812029,7.571428571428571,1.0023272948694977
泰州,2020,0.5205744979843696,452.2,1.1355889216554458,0.07987514238508314,0.1231474008479377,0.648299327707089,1.4218800253212116e-05,0.5471556544073506,1.8381553084014008,-0.4541967667872561,1.9285714285714286,1.1502491659272798
泰州,2021,0.6286558883518356,451.68,1.4634717776023505,0.14026138315379436,0.1237256298227541,0.8720017476004519,-1.072064114494148e-05,0.5979048128147078,1.2139907785166186,-0.5294881417365707,0.8571428571428571,1.3840613937424555
泰州,2022,0.6538034989018627,452.18,1.6220023832176982,0.2708005214115266,-0.020587474708192246,0.851849946259638,-2.432750387358123e-06,0.6172438788430992,0.7951860087784816,-0.5060068543235817,0.21428571428571427,1.1254193629526397
淮北,2011,1.454987542831084,232.5,-0.7225628296687695,0.7910119026517253,-0.530955156192175,-0.8299449973182896,0.9053764048648791,-0.216958086425921,-0.716642061604045,0.30627949109565095,-0.2857142857142857,-0.7146925459589757
淮北,2012,1.6578707124028493,231.9,-0.6515623752992502,0.5801452390022518,-0.7091176762877868,-0.6971079503488706,1.0502603423596448,-0.1334631223715495,-0.4969129529979455,0.282117130033043,-0.2857142857142857,-0.5715304442395872
淮北,2013,1.57648407215535,231.3,-0.5775670506772114,0.7239819399059417,-0.8513437352726748,-0.7070483886023547,0.846397468246077,-0.057057551320016685,-0.4421559983027915,0.1343830666795583,-0.2857142857142857,-0.7541476016071758
淮北,2014,1.5993044517872037,230.9,-0.5334894805230487,0.6407899218368862,-0.7332572003266911,-0.6857300549827465,0.6809893361319366,0.01941972178151957,-0.4297599149970042,0.04140296452696176,-0.2857142857142857,-0.7202023297837278
淮北,2015,1.8233024316596729,230.4,-0.5282781803353288,0.3818963900675201,-0.44892617152542874,-0.6131446811470556,0.45621428802603003,0.08925997115030851,-0.45769843785484254,0.06633273014681801,-0.21428571428571427,-0.7563236039832086
淮北,2016,1.887464824166613,230.0,-0.485154840788753,0.32495799576499357,-0.3569168756702529,-0.6222687551577111,0.33056052274229913,0.15872587901827737,-0.4372495795261007,-0.04651074184749343,-0.14285714285714285,-0.7573127285921234
淮北,2017,1.8400794124570434,229.6,-0.37996572784018584,0.2139109526861618,-0.18219250867140463,-0.6081259806922671,0.3481310041487056,0.22146182091392097,-0.3436782308128807,-0.2552178307415441,-0.2857142857142857,-0.5559540509902988
淮北,2018,1.7855666823667944,229.2,-0.3206338404286826,-0.1393458470803683,0.28637661800545294,-0.51229471238424,0.4351821718257175,0.2910972516588958,-0.07747177527391966,-0.25231092831219654,0.35714285714285715,0.1091832698793691
淮北,2019,1.7870206983575398,228.8,-0.2595536042317508,-0.4934982452508573,0.6567380229881042,-0.4610453319413532,0.4887460572223006,0.3536755871624472,-0.2104532794772646,-0.25590756318126523,0.42857142857142855,-0.13604283687004742
淮北,2020,1.406502537971465,228.4,-0.22204122744285987,-0.6478223499475524,0.7699565113422094,-0.4152530451229868,0.5551973522124369,0.41616838784055216,-0.3823973549673304,-0.22541856436789792,1.0,0.3789639001238799
淮北,2021,1.7890877711207227,228.0,-0.12949916467322448,-0.6139565356986739,0.7554504967668189,-0.32938524150325554,0.5762308029989963,0.47888046150252994,-0.12085303532242465,-0.18069887516416047,0.5714285714285714,0.7536403228844634
淮北,2022,1.8699415816570206,227.6,-0.057828001214116694,-0.3725174284142488,0.5048835187942387,-0.24711659259000934,0.5939874058842044,0.5415071697708116,-0.11956188138611713,-0.07413540144993032,0.8571428571428571,0.3273662179084366
淮南,2011,1.9881377461029277,338.0,-0.7798327594672964,2.2790760912286303,-1.3695733819778402,-0.7246412591758613,1.8705410256769783,-0.05711282990365202,-0.6417254997860028,0.8806932039414592,-0.14285714285714285,-0.44676941726510394
淮南,2012,2.095258830899986,338.0,-0.6715659262905789,1.206500002115012,-1.8201763948827272,-0.545821153307549,0.6400988085436893,-0.015312353719773329,-0.5088146305200364,0.371028744856237,-0.2857142857142857,-0.5322217368288887
淮南,2013,2.107802164993479,338.5,-0.6439162776104992,0.8614382390118659,-1.4464274688131296,-0.4673029051110431,0.7301555016752918,0.02643672010258485,-0.46425182624041333,0.38029939928264245,-0.21428571428571427,-0.5146305841095233
淮南,2014,2.120290663876877,339.1,-0.6523329900921682,0.2682592767092169,-0.8395972545075736,-0.7001098650533327,0.6709344655950098,0.06824536349647686,-0.5219234856236953,0.4283028104862492,-0.14285714285714285,-0.6837229395145235
淮南,2015,2.2119565142448074,339.6,-0.6599107253242432,-0.25832291074865377,-0.2907516101422038,-0.6880907728710667,0.8269304757676345,0.11690920747486643,-0.4565986714014176,0.6921512843514763,-0.07142857142857142,-0.6388551073015836
淮南,2016,2.0352724074811466,340.1,-0.6243319728124945,-0.5895020410366462,0.10521378095151515,-0.5573904140977062,0.83015234321022,0.16563460681515121,-0.25372714824710946,0.5830050616257669,0.21428571428571427,-0.6152932858581405
淮南,2017,1.9173370172534263,340.6,-0.5628455543539953,-0.6342222858766812,0.25064108694841936,-0.5331036822002649,0.8484112655602688,0.2144212904279513,-0.27185688486480525,0.3204141205186765,0.07142857142857142,-0.6435304019381268
淮南,2018,2.0429815967036102,341.1,-0.4989233092598328,-0.7746591369349995,0.5054983571721171,-0.5076517563733585,0.5204230406980965,0.2630649465313128,-0.26415608548638797,0.14451131567162767,0.8571428571428571,-0.10361674064472869
淮南,2019,2.2624459227810303,341.6,-0.44973636077777235,-0.8373904916237301,0.6013582301310638,-0.482469273066605,0.4846521890521388,0.31176994679877096,-0.21830094641955294,0.18274138421403602,0.7142857142857143,-0.5564294127742953
淮南,2020,2.0447446324918355,342.1,-0.4377411728366108,-0.9576160206846551,0.6256121952488032,-0.518480385698859,0.550842987348893,0.3605360222556247,-0.5033585553845643,0.11683842419006871,0.8571428571428571,-0.16776047915171793
淮南,2021,2.158604835549776,342.6,-0.3624791400632487,-0.805260061247312,0.5140805794339494,-0.4832485939674083,0.5757439232407264,0.409362905497367,-0.3939895239539892,0.06519810319095494,1.2142857142857142,0.3008686366937971
淮南,2022,2.29864261611171,343.1,-0.3033085332243156,-0.5658288047238754,0.271793242991164,-0.4150608027975604,0.5899916184683625,0.45804747780031735,-0.39466211227082104,0.03400174183895813,1.0714285714285714,0.022557762935407368
淮安,2011,0.6609955099918341,480.4,-0.49725538667531854,0.0,-0.7776486613341811,-0.40699833335429153,-0.00022053551533199263,-0.6486668124374017,-0.7029450096372657,0.19481520658579302,0.0,-0.40406748025987266
淮安,2012,0.6685792552925576,477.16,-0.39610689203763433,-0.08137107661247062,-0.6418772059306703,-0.10668768776289952,-0.0001925889259788081,-0.47894495224642686,-0.6124060350757934,0.017221243064827998,0.0,-0.3627966809307766
淮安,2013,0.726576994508976,475.66,-0.2700666952411248,-0.18664263579608126,-0.40977455858005846,0.0731786110675338,-0.0001708153458964401,-0.46067583034905374,2.311117913462925,-0.10594256108248543,-0.21428571428571427,-0.20481730520923727
淮安,2014,0.6886630567625387,473.84,-0.16581323533583492,-0.32038025634831807,-0.2026896938706291,0.25178775241639145,-0.00014247678864288163,-0.34605299631838815,0.49276705755583206,-0.3083250348704266,-0.14285714285714285,-0.14371874098507081
淮安,2015,0.7533215039071577,471.69,-0.03877449903784909,-0.4783433511011941,0.043839656786392234,0.4550753099461641,-0.0001561688632810616,-0.23943680310605617,-0.12202871733583082,-0.48889546068285694,0.0,-0.4774612979509525
淮安,2016,0.755843419883483,469.45,0.11346459164106812,-0.6909569446019383,0.19818574287468824,0.29839961125376135,-0.0001958810613784225,-0.11416613509763404,1.3880330165207424,-0.6516257894551861,-0.21428571428571427,-0.32598379630547375
淮安,2017,0.7480363080696731,467.27,0.22647088929845063,-0.5396880648747704,0.2550578224713964,-0.097937764271352,-0.0002076746619846716,0.0,0.47092776186309837,-0.6921995207897214,0.21428571428571427,0.4734531361181407
淮安,2018,0.7781441980552071,467.12,0.343513019045906,-0.5685552866384852,0.30322074180339037,-0.01842122685020604,-0.0002326466116970082,0.1124943433323435,0.5399237235225762,-0.6972958713232794,2.142857142857143,0.8177768921714813
淮安,2019,0.5800999690111158,464.63,0.44831180400288745,-0.6590408251657599,0.406318243708863,0.03583919245495782,-0.00025170245338326867,0.2836673315015383,0.1822798344099558,-0.7670408521870311,9.857142857142858,0.34862349616979166
淮安,2020,0.6333336284542412,464.09,0.5202546285918274,-0.7880910233752846,0.531616340738043,0.07027088408384001,-0.00025095354765155187,0.30581246980473187,0.41728784337949304,-0.8206930251745329,6.857142857142857,0.632542698408719
淮安,2021,0.6958698446593536,465.82,0.7278272295848458,-0.6717069045249929,0.508884769944378,0.22191900096603573,-0.0002617747602449983,0.30407808827294447,0.3207203275840892,-0.7292915202643088,0.14285714285714285,0.7031034420651775
淮安,2022,0.753024630538824,455.22,0.877110621974357,-0.529399310970765,0.3455777998025303,0.26979580192545927,-0.0002569053440697437,0.46806499633362963,0.0878413131097141,-0.6657891530337908,0.0,0.4400876079220773
温州,2011,0.22617951537689132,914.3,-0.45464682971913123,0.4514502476613508,0.1553517560154063,-0.5358019166804882,-0.00035684832221258544,0.42320141881914364,-0.4033266643519685,1.006155659943328,0.5,-0.36327246106192546
温州,2012,0.22723303706132666,915.6,-0.3997538939594965,0.3251545794339115,0.34897722358549377,-0.4912321854518262,-0.0003319287051705494,0.4371211833351862,-0.15880532017848945,0.7468759850994097,0.7857142857142857,-0.36531934097210766
温州,2013,0.2070044452135138,919.7,-0.3308201266075225,0.22666020203494688,0.5764943484051309,-0.41148436481921397,-0.0003126320962728115,0.4580008301211207,0.08722056413081765,0.6175192446288007,1.5,-0.3694320092559041
温州,2014,0.25950993491336705,906.8,-0.25282668032207484,0.26951479514495164,0.47698472132895386,-0.3304766517466849,-0.00030884804888887935,0.47192059455805474,0.12104310500611204,0.4412398633024884,1.9285714285714286,0.08278975160610892
温州,2015,0.2589582289516959,911.7,-0.18864296111690962,-0.016894583919167577,0.7991065767382993,-0.21206813684902545,-0.0003006388778934045,0.5484792993841733,0.20692864074549222,0.18273182127719076,0.5,0.0504534263808593
温州,2016,0.2146454187057131,917.5,-0.10263652353588346,-0.313719145019358,1.2129764681785749,-0.12924351356042982,-0.0002988440033536663,0.6389577687249612,0.3059909001572954,0.20282747297480636,1.3571428571428572,-0.2362317819495682
温州,2017,0.29613781123441946,921.5,-0.019250554237790964,-0.4799707213122108,1.0997553693303086,-0.07248801474418279,-0.0002723791786037175,0.7015967090382121,-0.18611804975232246,0.13377355987465614,2.142857142857143,-0.05322641569603605
温州,2018,0.3173265180812006,952.2,0.058431072506919327,-0.8545054900121568,1.6610720592676163,0.08305739600187911,-0.00027336547651021336,0.7363961204828354,-0.04117695196782713,0.02925907439906189,1.9285714285714286,0.5568796532277842
温州,2019,0.33559029000480106,956.1,0.17828346460880048,-0.5129804341439251,1.2755111914031383,0.15072478722803181,-0.0003651574342516668,0.8059949430515713,0.00368572002882992,-0.11359387656459213,1.6428571428571428,0.13636623593908972
温州,2020,0.30926861345748186,958.7,0.22956731071140765,-0.6649285595959753,1.4469607175095722,0.20035401478060436,-0.0003550836940262038,0.840794354339652,0.9265156186198077,-0.165621134376389,2.0,0.6463586604396047
温州,2021,0.3872036458245438,964.5,0.36845585762493366,-0.5699097772267361,1.3586361471943225,0.3198588992008229,-0.000352137735951409,0.8825536479001468,1.2304264617956013,-0.07606344903922264,3.5714285714285716,0.720497735066403
温州,2022,0.4133138277015608,967.9,0.45448898058503534,-0.5665110148589492,1.3487761727534031,0.12259662145612947,-0.0003397336897164903,0.9451925882122897,0.9293106500766297,-0.1120993248433893,2.5714285714285716,0.8953863231668847
湖州,2011,0.4998654682995254,289.9,-0.1118306412280422,0.9619803581890397,-1.1147073129770848,-0.2583688988843465,-0.0003228141903317881,-0.42590422507530085,0.11886337977531959,1.1537948072603816,0.07142857142857142,0.05054074948091203
湖州,2012,0.4633767270914335,290.5,-0.05682124406309466,1.25399235053497,-0.7689337522663906,-0.1347616365972756,-0.00031877045755998866,-0.39806469609617673,0.3996853107390444,1.152810400175984,-0.07142857142857142,0.1701590334748919
湖州,2013,0.476072281983444,291.6,0.03375309266092896,1.2696880908210522,-0.4173570800031124,-0.016126043653221914,-0.00030854708839026846,-0.2867065802361764,0.3949503126998875,1.2224335984867094,0.21428571428571427,-0.19564866483693816
湖州,2014,0.47807675443872516,293.0,0.13171564187596385,1.2529403611373109,-0.40334737124079745,0.07809535845319412,-0.0003005236347608702,-0.1614286998830681,0.7431583956551635,1.0879676853752145,-0.07142857142857142,-0.03741090500288908
湖州,2015,0.49188120305818844,295.0,0.2093360042320009,1.118795177359928,-0.19700894193868188,0.246069299227843,-0.0003036241684202447,-0.03615081949784473,1.2299990778317504,0.9905812280958639,0.2857142857142857,0.04155963185220558
湖州,2016,0.4577439098856947,297.5,0.30382427435074144,1.01319977596855,-0.03669349514711098,0.38222350271794836,-0.0003024294660489005,0.08216717867737808,0.8451450433132118,1.130299848629396,0.07142857142857142,-0.019789639906595193
湖州,2017,0.5339615861005522,299.5,0.44880045269247276,0.922947748740787,-0.04247382016339413,0.566245860430454,-0.0002896943209678629,0.1865654123552446,0.04926854464609242,1.1153941867407602,0.7142857142857143,0.4082050682022869
湖州,2018,0.5611838372566982,325.9,0.4639008244018091,-0.01782715849305685,0.3830610654878212,0.7619982781179652,-0.00030006566441219217,0.2770438826663873,0.5286041422588367,1.207406312299447,0.42857142857142855,1.53972181144323
湖州,2019,0.5585589357084492,332.7,0.6713863544439304,0.4752940922992345,-0.13110982679914604,0.9153097205714263,-0.0003296032256366637,0.34664270535743413,0.31509469771621734,0.9540307232960188,0.21428571428571427,1.2268033160223974
湖州,2020,0.5851801325912229,337.2,0.6931048909126916,0.30098604214982105,0.056231885001218104,1.022046226698443,-0.0003321068086254486,0.3814421167462003,1.388070892488903,0.95097076826953,0.7142857142857143,2.249650924760422
湖州,2021,0.5879171054694283,340.7,0.9329628471735312,0.4836443017219837,-0.11290174545964508,1.5006801414213142,-0.00033397734543585896,0.40928164585176324,1.4808316752517048,0.9607053231281796,0.9285714285714286,1.8674144789037792
湖州,2022,0.612815094782561,341.3,1.0489142031057532,0.47237664198209556,-0.11426993068041566,1.3254214540283515,-0.00032448429568896376,0.43712117484207685,1.196153695666463,0.9184396953592522,0.5,1.3790784550493649
滁州,2011,0.34911579672102144,399.7,-0.7741380531480395,1.0934720543442216,0.1696002938815836,-0.7832286891348197,1.0912795918460274,-1.1497180447435589,-0.5190771221903504,-0.17817981776299657,-0.2857142857142857,-0.31612461573509687
滁州,2012,0.38153810233919433,400.4,-0.5948169556377598,-0.1682307703274545,-0.8128159125075465,-0.6559996375273844,1.0191290824338197,-1.0383877648864608,-0.32165888790759384,-0.7024062673835785,-0.2857142857142857,-0.6902453200249431
滁州,2013,0.3927559061311394,401.2,-0.4935279651933666,-0.06497612794985673,-0.7636055110445538,-0.5603624332381701,1.1237339233107513,-0.9270434993572026,-0.2160905063510849,-0.7053396989003154,-0.2857142857142857,-0.6429559472622352
滁州,2014,0.42028019303972974,402.0,-0.40695169324049374,-0.04077186634070197,-0.6548649285373367,-0.5107689189702964,1.1033389459640257,-0.8156230008853117,-0.15726011709971538,0.19735386426843385,-0.2857142857142857,-0.7500472248496622
滁州,2015,0.4437814826736882,402.8,-0.30179480671749503,0.17258962722461071,-0.7400070574527265,-0.401362372445735,1.0913768438179667,-0.7042995112322317,-0.049777766193224986,0.00472317303285763,0.07142857142857142,-0.6735646632290655
滁州,2016,0.49574720041784703,403.6,-0.19319053619190477,-0.051939463955028964,-0.32721253844018067,-0.27325080196486357,1.1200676779999679,-0.5929000084861381,0.3003984061924228,-0.06699155105535029,-0.21428571428571427,-0.7550118548945568
滁州,2017,0.6814569579090458,404.4,-0.0739780573728555,0.12894181538459176,-0.4339601592968028,-0.19164191295009386,1.264575966691119,-0.4815970476763846,0.06561316561509063,-0.1339608202487333,-0.2857142857142857,-0.34744630380894964
滁州,2018,0.6729545451138343,405.2,0.0772024618301347,0.22224557955710586,-0.40386700462300534,-0.1017549302513776,1.331364356401738,-0.37021829286246105,0.4573044062296243,-0.13931848338742348,1.0,0.415267731196716
滁州,2019,0.6732460250358776,406.0,0.21923599599331414,0.16462385603103072,-0.35397781430438235,-0.02009484866541601,1.4764044647292205,-0.2589356177587973,0.1532510834759099,-0.13085459288064044,2.642857142857143,0.1183391399780126
滁州,2020,0.475738901622887,406.8,0.2449164987675457,0.12441251168294011,-0.3997320512430501,0.03985505024060836,1.6387482193989034,-0.1475773669726849,-0.06959740284708572,0.12004112971020715,1.2142857142857142,0.6147027989866295
滁州,2021,0.38366559061522587,407.6,0.4352437289023179,0.21647329385188258,-0.4116852197917474,0.17270495395728822,1.696486762188897,-0.03614398550323525,0.26657657602925466,0.17595057799527375,1.5,0.4094334802895203
滁州,2022,0.4225329517367122,408.4,0.5626898667622756,0.3579903406919844,-0.5396745440712594,0.31671964128801666,1.7474732415612662,0.07519366686480851,0.26437854233368,0.3354840388170302,1.2857142857142858,0.19596534049441328
盐城,2011,0.2113451479259423,726.4,-0.43804673826171275,0.01643664583970663,-1.0397696204249613,-0.3714144055379294,-0.0003070121922268884,-0.5308773312139263,-0.6910416328486578,-0.1199570351360795,-0.14285714285714285,-0.27960539706776705
盐城,2012,0.22020647535126042,762.42,-0.3828575354555,0.024848178769569247,-0.9931485584857362,-0.2827903929815695,-0.00029978099515712997,-0.7399926154294066,-0.6149830565153918,0.09618952731151044,-0.2857142857142857,-0.1472382295044524
盐城,2013,0.28974708042507463,684.52,-0.18227189641302474,-0.01905418348586751,-0.7653200783600321,-0.004091019444706567,-0.00028501338860557256,-0.3285073496251473,0.33647569238365294,0.3510057514737986,-0.2857142857142857,-0.4235386456461234
盐城,2014,0.3355859142177495,686.93,-0.08577764676527859,-0.060589572596859105,-0.6461319588517294,0.1573389318643242,-0.0002738012061360227,-0.34112279486442515,-0.4209130980487375,0.11187289696542355,-0.2857142857142857,-0.31871047869309505
盐城,2015,0.5760775053679987,687.52,0.02245555357944282,-0.1543091469659741,-0.4710836740447671,0.3482106515341779,-0.0002869852307091853,-0.2818595984551389,-0.43423622447832244,-0.11983653102648395,-0.07142857142857142,-0.22835977031823204
盐城,2016,0.6935000180961933,665.91,0.16208501623280858,-0.22091619810460497,-0.23891150809720704,0.19050950963807267,-0.00029186831338917787,-0.04558199508172629,-0.4074717780862558,-0.23473889303291764,-0.14285714285714285,0.06352378654569651
盐城,2017,0.665803596402903,666.96,0.29230951466909744,-0.4806962857539081,0.06690340877895869,0.0047573651385248725,-0.00027394389632798554,0.0746905516873678,-0.4494438780427949,-0.46808344309171596,0.7857142857142857,1.181724589764431
盐城,2018,0.679549330647692,667.12,0.41049784423009095,-0.476711748863722,0.06991535806394746,0.0742750679521418,-0.00028266297328040265,0.14826311600923087,-0.3543459626792965,-0.390759899523289,2.357142857142857,1.5555709163271405
盐城,2019,0.6884874717930273,668.98,0.48614857160672464,-0.6809588546256399,0.31092618766310953,0.07738643443305607,-0.00028695689225902496,0.2203833444966642,-0.4316176374384968,-0.4538970196906747,5.428571428571429,0.6177539337856967
盐城,2020,0.6094543795170977,670.04,0.5614054182137849,-0.855147584075933,0.4835454347837954,0.13202356873137544,-0.00028481089687032793,0.28508737131089723,-0.2066677679903298,-0.3540289823412917,2.642857142857143,0.7468719193626882
盐城,2021,0.6663786426566727,671.06,0.7622285801966384,-0.7549472966224293,0.37203480508790965,0.2984031626230602,-0.00029276636739556804,0.32392855890832895,0.6510101635544847,-0.2933475423991275,0.35714285714285715,1.2281980171000755
盐城,2022,0.6017656648377285,671.3,0.9027075977576257,-0.6532945513747782,0.24520751890033973,0.30530945080000355,-0.00029138953730330886,0.35373115479390654,0.49863418440207885,-0.24301357938615262,-0.21428571428571427,0.4739783863247695
绍兴,2011,0.5013156086178406,493.4,0.1705689350426263,0.9643515573333963,-0.9085649884929055,-0.11510405446073366,0.00045324157172121557,-0.06399034283543334,-0.18747312078618422,1.002842758522757,0.42857142857142855,0.20785552387117429
绍兴,2012,0.5347136210359481,494.3,0.27447146426213376,0.9297525545784373,-0.6451408596689007,0.0,0.0005206766484595754,-0.015271167084475788,-0.02904486023493483,0.8745352997360302,0.07142857142857142,0.07604691595012494
绍兴,2013,0.515550752290466,494.9,0.3987694797098442,0.8682085244682302,-0.47936472709497224,0.12104007049267286,0.0005732027030177534,0.06128753765355156,0.2734028551911598,0.8055722912820444,0.07142857142857142,-0.35300586018209784
绍兴,2014,0.544232298329995,495.6,0.5164951753848388,0.6402896294552195,-0.42271368824681116,0.22756859622736395,0.0006181431378938557,0.14480612464168888,0.976248537169236,0.6097517421995963,0.21428571428571427,-0.056896139323827546
绍兴,2015,0.5450403300664594,496.8,0.5928697548131023,0.46694528020205134,-0.23642596397579466,0.42796208999108315,0.0006386457436675012,0.2561642406313587,2.242925764336343,0.47298147495630594,-0.07142857142857142,-0.1455947864325796
绍兴,2016,0.4859518592737789,498.8,0.6829414007332176,0.4224686628795692,-0.08737287318810726,0.5434352624373583,0.0006375153491189366,0.35360259214048306,1.849582229301679,0.37722252612070195,1.0,-0.021661327704672655
绍兴,2017,0.5327511567182465,501.0,0.8328567367800535,0.24043113973492886,-0.010275955023527777,0.7177226711101113,0.0006260274908838005,0.4510409436545767,0.7529812324727518,0.4179943641064064,0.6428571428571429,0.19837198925363778
绍兴,2018,0.5302001873650309,522.3,0.8678243770402848,0.1416783089444231,0.3428790981446259,0.9371839267419126,0.0006397211627539157,0.54847929551396,1.491833925994493,0.4271351199751535,0.7857142857142857,1.1190451592444717
绍兴,2019,0.5316565739777839,526.0,0.9910561619340224,0.10879132892334385,0.38308156976973295,1.0362602022080885,0.0001065092136265882,0.6946368228027819,0.5923892101368952,0.3955012157292262,1.1428571428571428,0.5393945547862518
绍兴,2020,0.5141276685557475,529.1,1.0610516896443023,-0.2087173907099397,0.7427048372432891,1.0867531808481474,6.187232897769698e-05,0.757275763097145,1.6429991111976145,0.2249646178402251,3.0714285714285716,0.9542660260478261
绍兴,2021,0.5775329540869777,533.7,1.3381372708209107,0.05880668514700344,0.47552641462921386,1.3178045160399383,3.305432955599311e-05,0.7920751744226646,2.476360377296281,0.23829554918086374,3.5,0.4981739943998172
绍兴,2022,0.5778153686487374,535.3,1.5371834618119857,0.2262419397753264,0.2863947157610026,1.0461211287673948,8.7530015531821e-06,0.8338344679447932,1.9525123529239676,0.07296598602506309,2.7142857142857144,1.1178071242273129
舟山,2011,0.4961003190347494,113.7,0.15445580299883394,-1.3863125882791063,-0.08906537098700652,0.2996491857827535,-0.00037571475002011245,0.2909636215198415,-0.654715964945668,-0.5449608746788211,-0.21428571428571427,0.46417116093126387
舟山,2012,0.5015724148256626,114.0,0.2927371766936511,-1.4936593378022256,-0.07115638102228132,0.4725136645370754,-0.00038896923639823527,0.3536025614323622,-0.5003389567688695,-0.799649678183337,-0.07142857142857142,0.09704091391086601
舟山,2013,0.5018891361116863,114.2,0.424462700376176,-1.8057132012526982,0.23704114079926766,0.6070125818629899,-0.0003877360696266998,0.402321736909777,-0.3197996411476301,-0.9226682546857642,0.2857142857142857,0.7121018722376814
舟山,2014,0.60026424064825,114.6,0.5777650471605928,-1.8638317334518186,0.15449021296406318,0.763231945377649,-0.0003778342892842303,0.45800079466046584,-0.18240427299547127,-0.9726475413493818,-0.14285714285714285,0.007489075444313965
舟山,2015,0.7660732743352012,115.2,0.6947531220939553,-1.9789213011578783,0.04166438480594567,0.9784748501433267,-0.000376819614523915,0.5345594990893698,0.06038308431179899,-1.0657742321527948,-0.21428571428571427,0.12297127852416086
舟山,2016,0.6826431515872112,115.8,0.915160987808509,-2.1400403203805727,0.5630765246931868,1.1128984505374027,-0.0003680726266224993,0.6041583213210321,-0.26977577654004653,-1.1519327428991588,0.0,-0.21075346926336855
舟山,2017,0.7084405923836516,116.8,0.8807660168149704,-1.9050214642611267,0.8072974509942713,1.196533957276419,-0.0003380346573139714,0.6528774970922607,-0.24822140966936668,-1.0258270964676777,0.0,0.13989242533901422
舟山,2018,0.729272737674291,117.3,1.0378924043541173,-1.6749496694516717,1.4755043079272558,1.5697243917910255,-0.0003229113521278299,0.6946367904850568,-0.736152479859929,-1.056886216653999,0.07142857142857142,2.4805653079681718
舟山,2019,0.9155007151788764,116.5,1.1471106067314836,-1.4279818581254509,1.2113722442022774,1.7571256176764016,-0.00040299894355886885,0.7711954944247792,-0.7768749434021119,-0.8460106224400574,0.21428571428571427,0.41452973226007095
舟山,2020,0.9384759368510347,115.9,1.4007126678160635,-0.922349784029755,0.7029078815879063,1.855517453346328,-0.00043028761071346516,0.8199146696185367,0.03859469245237006,-0.05196635706009687,1.5714285714285714,2.657159240540912
舟山,2021,1.2810292090589623,116.5,1.7147438909799309,-0.3153568755460563,0.10878322557842246,2.249450729388921,-0.00043492123831448897,0.8407943164478158,0.1446631789368042,0.3624295662150683,1.4285714285714286,1.270872226796418
舟山,2022,1.2019451029370438,117.0,2.12398887188901,0.19847403816019027,-0.40975906132851425,1.768989668092621,-0.0004383289229570575,0.9103931386577343,0.009979819440655206,0.919512483691328,1.4285714285714286,1.5193632151387113
芜湖,2011,0.6571453417444006,362.4,-0.2865548212269855,1.5537500236514277,-1.7400607642429011,-0.33609681346334286,1.4427838951458076,-0.2101555549429206,0.40703868467178983,-0.16163999873385132,-0.2857142857142857,-0.08584663482446403
芜湖,2012,0.6873825206229421,363.6,-0.18738482221295621,1.8013514263563157,-1.831992465152603,-0.10114964712149853,1.4927533045740449,-0.1334972886119904,0.8576606949660963,-0.007980746629364247,-0.2857142857142857,-0.17168050160220552
芜湖,2013,0.6344229988954626,364.7,-0.06432456119458392,1.5543218773610417,-1.5212563042366727,0.10900066183681771,1.4809237296510416,-0.05010493223702477,1.0710980409844122,0.0,-0.2857142857142857,-0.18680304361878153
芜湖,2014,0.6440361006899096,366.2,0.05239742064381202,1.283526764721657,-1.1767299301583682,0.22216465384600606,1.4245319191929884,0.03350122158751066,0.8661785706736219,-0.15023979519763725,-0.2857142857142857,-0.40619837400611364
芜湖,2015,0.5904739039416423,367.5,0.08453218383849943,0.6696378919769851,-0.4597041568010113,0.39793073566820747,1.4229633998565776,0.11005405651910573,1.2441044959704681,-0.1569038916980396,-0.2857142857142857,-0.4772375805627354
芜湖,2016,0.5609857189148832,368.9,0.21679946120587384,0.5732357925687258,-0.2981459341253811,0.6039892046635708,1.390099254852558,0.1935611438504241,1.8163840255087402,-0.20427488936672564,-0.21428571428571427,-0.31630161896209846
芜湖,2017,0.6161704750829727,370.3,0.3514500023705636,0.4064941140865498,-0.06742069908587961,0.6721813215523993,1.4333379158514883,0.2700464115581906,2.0288640242389437,-0.2785615017170877,-0.21428571428571427,-0.11766777765084893
芜湖,2018,0.6402663129840203,371.6,0.5617610156433788,0.1362632825832723,0.2913628996942176,0.7068104134247899,1.4750595830637712,0.3466127395828669,2.7439330669055106,-0.42262972807028043,2.2857142857142856,1.7889990655680235
芜湖,2019,0.823928479968634,373.0,0.7172272308715029,0.08812051290646578,0.34229956552077434,0.7215177705030286,1.546435803128292,0.4232760483129632,0.8733197466121739,-0.5081152407557534,2.142857142857143,0.7936010917461509
芜湖,2020,0.7759228352743531,374.4,0.77799275992306,-0.005340566078652239,0.40994936619627237,0.7711529542710012,1.6454123045625724,0.49973780891538294,0.44975522143875407,-0.5409635270569279,2.2142857142857144,1.0916928901259175
芜湖,2021,0.7977277206171484,375.8,1.064002118404507,0.019688237938959775,0.43468985729361564,0.9400245082141102,1.681986610802311,0.5763706774492126,0.8120712473358505,-0.5636674903238653,3.0,1.942277490080403
芜湖,2022,0.7972277136866655,377.2,1.1794316873457475,0.05120674583045443,0.3989881433671462,1.0933430369160746,1.761033941211375,0.652803719931997,0.8058818856717102,-0.5201756792667913,1.7142857142857142,0.5314291779569005
苏州,2011,1.1472638863274405,1046.85,0.841158876940585,0.9962149455550532,-0.3811247741175398,1.140862273472866,-0.00042817389177454576,-1.6611046401630503,1.8717740156334792,1.3818728913706229,-0.14285714285714285,2.678641410405446
苏州,2012,1.0857045576126314,1110.87,0.9557820562559702,0.8272163921823272,-0.18145336764349898,1.2130036530672985,-0.0004263074335167848,-1.5173101378618015,2.417946649371541,1.1304367498670527,-0.21428571428571427,2.2382286987205204
苏州,2013,1.1314627623084454,1159.42,1.0302365349750484,0.5920875860098468,0.10782643204099886,1.3547983109978605,-0.0004188474195615922,-1.5480070930835097,-0.5162616333593362,1.0661128803001931,-0.14285714285714285,1.9865688749368275
苏州,2014,1.1088649410571292,1193.55,1.0985072360260106,0.3589479654305372,0.37798308195782726,1.4916882535541818,-0.0004193566756080044,-1.5362723603577202,0.8378890618125269,0.8642381981063171,-0.21428571428571427,2.7178902424519165
苏州,2015,1.0917229664111847,1220.57,1.1689491222513075,0.18311247843033265,0.5802753909863131,1.6449080195254442,-0.00043459159985564114,-1.3795774954055209,1.029044740138029,0.798144007220635,0.0,2.6612160908440123
苏州,2016,1.0939313236755217,1220.55,1.3225830301469925,0.014465601862097614,0.807592778616324,1.9528019230428435,-0.0004463518417978567,-1.4250354997010417,2.374108129280471,0.7625818983328038,0.9285714285714286,3.695581936468965
苏州,2017,1.0988238052464396,1260.6,1.4877648889723725,0.15692541467476584,0.6347417929952756,2.166372046166951,-0.00045048226110701143,-1.4133174962964539,0.7042687224420598,0.7217998435205474,6.142857142857143,6.629748933289796
苏州,2018,1.123963774922721,1261.9,1.6848313833239899,0.21301439616614867,0.587769073691973,2.535620738083711,-0.00043681927103945685,-1.3359230222835794,3.122039897800064,0.6099618508642364,4.214285714285714,9.523632752322749
苏州,2019,1.131483835481414,1266.99,1.8306684079524584,0.0463625706638203,0.800455234887749,2.699019456968272,-0.00043117922433695793,-1.2921587620699146,1.5105755042634794,0.4026645596548385,3.357142857142857,7.1222301197470985
苏州,2020,1.088461924172088,1270.75,1.9652312128445595,-0.056146770632252034,0.9251659508219149,2.829319106807723,-0.00042878260840488393,-1.2405787665171588,3.1815272714060754,0.2221941606803679,1.9285714285714286,7.3380822883954915
苏州,2021,1.167330429166181,1274.96,2.4215581829567756,0.10748820714729289,0.7569303544563276,3.1764146096713235,-0.00043473889367353464,-1.2126325006580876,4.509000804336957,0.11646275555797876,0.6428571428571429,6.16606303027113
苏州,2022,1.2061140672906183,1284.78,2.5163899578509934,0.1270317460743973,0.7361706410953651,2.830620397334868,-0.00043036810117110495,-1.1728312511067571,3.8882664562620497,-0.013806872932690055,0.14285714285714285,5.941619747099953
蚌埠,2011,0.4474578368799441,368.1,-0.7757672762489012,0.24905505859551458,-1.2583121252220102,-0.8233928032908885,1.6691666781025403,-0.8782492991611958,-0.5174937972388566,0.3452638237230973,-0.21428571428571427,-0.18124527079655664
蚌埠,2012,0.4373023700044712,369.3,-0.6986734995354233,0.12236686695991907,-1.3880226710922485,-0.7220570198054748,2.1088687383258415,-0.8156802432840189,-0.2528916659330196,0.24596062121400541,-0.07142857142857142,-0.33229063986135676
蚌埠,2013,0.4619755377744533,370.5,-0.6067464733255211,0.24609797392259686,-1.3324899443531468,-0.6371938250505671,2.450329168172816,-0.7460024501231604,-0.007353763494683381,0.18389648101492212,0.21428571428571427,-0.7185232161334583
蚌埠,2014,0.3389282966421094,371.8,-0.5405187637783309,0.2857075840420893,-1.2687236000831685,-0.5645132958778183,2.5974984018319045,-0.6694813813108623,-0.17854463387696703,-0.7036419382231824,0.0,-0.6168679430017088
蚌埠,2015,0.36708956532883796,373.1,-0.4838175781713816,-0.23725759413901573,-0.6052971263876622,-0.48139268319102757,2.485283448760427,-0.5998359885669957,-0.006828094386165957,-0.7829811253793645,-0.07142857142857142,-0.5419737155915348
蚌埠,2016,0.3795078955482336,374.4,-0.3988986489306439,-0.3752987452358184,-0.3411016591141071,-0.3996792960431532,2.329736978581908,-0.5234243670456249,0.07222410750348483,-0.8105225152686111,-0.07142857142857142,-0.6514594205013542
蚌埠,2017,0.35685326101726267,375.7,-0.30184333289199344,-0.4440431831303049,-0.10686898406673354,-0.3599468346888296,2.359999456633429,-0.44680054144037373,-0.10680675351469132,-0.8979113440292539,0.2857142857142857,-0.13969086675197187
蚌埠,2018,0.4183612572556593,377.0,-0.19068494836321737,-0.5187877678467708,0.13113742286332944,-0.2946414835120555,2.634182395831889,-0.3701513192269997,0.06621785337623662,-0.9414529674742854,3.5714285714285716,-0.016501644754381765
蚌埠,2019,0.5485964961760945,378.3,-0.13648133347813052,-0.797523457671516,0.35682524643821645,-0.23535903960214022,2.384283345453256,-0.2936609400809131,-0.15306651302456264,-0.9802148617988254,3.0,-0.19148432484740563
蚌埠,2020,0.4116454775785279,379.6,-0.13889395596055387,-0.9737735441872338,0.4103273808009977,-0.2667072738375425,2.5754316369690673,-0.2171444242592337,-0.41629897494915463,-0.9102341880069971,2.0,-0.1888652774704794
蚌埠,2021,0.4707089452308568,380.9,-0.1787790624831646,-1.596132749543363,0.9421792028890742,-0.21829758939886476,2.275499789603243,-0.14060203937297086,-0.22963495548453938,-0.6312355388887938,3.857142857142857,0.2977352843621028
蚌埠,2022,0.5388896563282892,382.2,-0.1492619324943636,-1.6343771252827244,0.9534132894195694,-0.18270350582835512,2.4104765188756945,-0.06403404939217454,-0.2317638149103458,-0.4456565193038166,3.5,0.20275152246674885
衢州,2011,0.7661151491876336,211.9,-0.3613731404487042,0.8987812963889065,-0.8310338794065627,-0.5903492135986291,-0.00030256886574465063,-1.066213394933817,-0.5901646018051057,2.1368126950647297,-0.21428571428571427,0.0
衢州,2012,0.8861426966943945,212.0,-0.28448978366121586,0.44461930995626403,-0.6763632842235655,-0.52938376560432,-0.0002952632026676602,-1.003574454863937,-0.2964806087308335,1.9134819533579501,-0.21428571428571427,-0.06719851157775583
衢州,2013,0.7959196016484337,212.4,-0.21254742405143948,0.15842288984778055,-0.2805359933937934,-0.43313248018384637,-0.0002589907036556738,-0.9409355147721867,-0.28361854469132647,1.925640005908166,-0.21428571428571427,0.11470781602615654
衢州,2014,1.1880558351262323,212.4,-0.14670585722850712,-0.058549256591580605,-0.16891602483267315,-0.3540233202135471,-0.00025237620433953093,-0.8643768102501362,-0.35267107820601723,1.723087471154614,-0.21428571428571427,0.5402355192517085
衢州,2015,1.1821757812363796,213.3,-0.12765589552528303,-0.15196624600953237,0.05181636834858879,-0.21499925323695857,-0.0002442004750228633,-0.7669384589723677,-0.1987378485695411,1.8132084495446377,-0.2857142857142857,0.022142498327029258
衢州,2016,1.187030833082186,216.2,-0.0505000170454829,-0.3893119207717124,0.39238775534091636,-0.14044559298744125,-0.0002680032093510214,-0.5651018740917234,-0.11339343074044111,1.7519493617679005,-0.21428571428571427,0.3562570304625224
衢州,2017,1.1394159732725393,218.5,0.06004068040981423,-0.6603191650432821,0.38566765909031814,-0.06294626331042205,-0.000274910924357785,-0.4467838760022497,-0.15451404101114433,1.648797754366302,-0.14285714285714285,0.17633971933034784
衢州,2018,1.1985612179782368,224.2,0.10854860931848462,-0.23144328776706252,0.5220044982515503,0.07483710012464401,-0.0002865011433121797,-0.3145461131783392,0.15376604342366276,1.8134352793257837,0.35714285714285715,1.5075484439897144
衢州,2019,1.161948692561915,226.3,0.18699496101233265,-0.6504002866078541,1.0060828526260734,0.1515405745524884,-0.00035215321551761814,-0.21710776178011068,-0.3739256088443292,1.824982715984522,0.21428571428571427,0.503512442621428
衢州,2020,1.0768525206515656,227.8,0.2352349292961366,-0.7828941674783557,1.141926386322437,0.1796138269526623,-0.00034657491160331746,-0.17534846827572337,0.20787653003537704,1.7318863215637783,0.9285714285714286,2.258888442381238
衢州,2021,1.1223054690744596,228.7,0.43557279292394147,-0.43424114526908686,0.8714298845246955,0.3976319347745307,-0.00035164261471740495,-0.1405490570484048,0.588639259276513,1.6396428071966553,1.7142857142857142,2.26178217907674
衢州,2022,1.0085474228569609,229.0,0.5445934318726344,-0.38952033752157955,0.8179974766210215,0.4844307328415232,-0.0003438242870174392,-0.05703047024541001,0.1219631021082489,1.6415673625623939,1.8571428571428572,1.6858458047643812
连云港,2011,0.6685262482321518,430.71,-0.5456632184697079,-0.07034495840702186,-0.8633511652579886,-0.4641783636986378,-0.00033369228544354295,-0.5072393913610767,-0.6803679082333545,0.14670147014448037,-0.14285714285714285,-0.0909908708051683
连云港,2012,0.6930683386189769,443.95,-0.47856962666390895,-0.1253903545430017,-0.8029558195932174,-0.1487404237656669,-0.0003269503812704267,-0.6955986777999874,-0.5276465293355759,0.10050018216210445,0.0,-0.07441963485065368
连云港,2013,0.7318125876314431,443.4,-0.38465709162224915,-0.21976036838132593,-0.5673427996090281,-0.025498774406435526,-0.0002961511477755162,-0.4398114277822294,-0.5025771859361633,0.18546115243636943,-0.2857142857142857,0.3063411990355887
连云港,2014,0.8459227332781093,445.98,-0.31995700950248784,-0.20125109067745572,-0.5592432095821825,0.10944089536003226,-0.00030484120238059306,-0.37017896934848415,-0.7764924245299281,0.40075331180077267,0.0,-0.1641834270119526
连云港,2015,0.8328500211946722,448.77,-0.23897666944197868,-0.3021443521614327,-0.41034287054073304,0.24972372514512634,-0.00030907581749504016,-0.3054908289075802,0.456787140598917,0.2860550276262824,-0.14285714285714285,-0.2943206976168919
连云港,2016,0.8227905669774696,451.3,-0.07846863566232538,-0.6489227074428231,-0.6938917099751083,-0.15331052984623572,-0.00033766816928850087,-0.1847372836502518,-0.13677798800143068,-0.16230910500649884,-0.07142857142857142,-0.037018942695537044
连云港,2017,0.8650936883497533,453.83,0.02413245041395053,-0.2474768432332236,-0.2290398511296996,-0.14257739716946144,-0.0003376611630997247,-0.1605658984302049,-0.111967484342372,-0.1568353078233585,0.5714285714285714,1.5967793147420826
连云港,2018,0.9096528627106589,463.43,0.05837032514883427,-0.41142527017054686,-0.06992888878609498,-0.07113915384833712,-0.0003481217929395351,-0.07931731276896654,-0.09516394245757287,-0.3331019249703729,1.6428571428571428,2.0103896577348785
连云港,2019,1.0798984992434981,453.08,0.17598348955045362,-0.4430502777487479,-0.04976882521560801,-0.00567357200187391,-0.00040274731159770143,0.1035494509543398,-0.22481059637751033,-0.4217368357232435,1.6428571428571428,0.6704287553480236
连云港,2020,1.0252447816170198,450.0,0.25257016140600724,-0.5926736592003108,0.0990627338923685,0.015921629839823495,-0.00040882884714720994,0.27085732444458344,0.14475902470100757,-0.40398730494947965,1.5714285714285714,0.7856496147782975
连云港,2021,1.0463156565981246,460.1,0.44196996360701885,-0.4028493261299011,0.05004924170186488,0.13236688106710737,-0.00041641050373412064,0.1582357772144404,-0.08412043296527116,-0.4668222274546927,0.14285714285714285,1.2475860269243906
连云港,2022,1.0525552222918233,460.02,0.5361752602654104,-0.1962173445201314,-0.19947436550708633,-0.16656039741908024,-0.0004160836640252115,0.2066489487937098,-0.19015543858068384,-0.22400828978450574,0.0,0.46769171143448013
金华,2011,0.3778945489773017,538.6,-0.2935375276765879,0.14847714731417114,0.09107813966002781,-0.42780838680359584,8.485228104352322e-05,-0.036150813138138206,-0.044274929335202114,1.4148520690400481,-0.14285714285714285,0.14338624160204977
金华,2012,0.36472542940491953,539.9,-0.19788645417206388,0.04812727591551515,0.19855144299566996,-0.30993270645803256,0.0001436898902306583,0.03344800937194723,0.3893807997124239,1.2077168475200535,0.8571428571428571,-0.19490818686423173
金华,2013,0.3604610610147157,542.8,-0.11294698037855024,0.05005257637354179,0.45854138009482126,-0.20187074486468976,0.00019237950079053045,0.08216718515824353,0.23326587560070164,1.1013284565714796,0.42857142857142855,-0.1005521962694284
金华,2014,0.34665433235047294,543.7,-0.023214121370522835,-0.08972305334583992,0.5858819942554426,-0.09573406989160439,0.00021824422499127234,0.15176600766369663,0.18688891276612984,0.7355314289003266,1.2142857142857142,-0.1549458374901702
金华,2015,0.3521303455736227,545.4,0.04610741297358926,-0.169726721999512,0.9614684152894748,0.06697271028779904,0.00020153479250091034,0.24920435917853206,0.3292751470848632,0.5271490127601416,0.7857142857142857,-0.35854146444475415
金华,2016,0.37427103177171916,552.0,0.11369574322465474,-0.46822955937936983,1.2825834446211313,0.16630376835883667,0.00017690775144619628,0.32576306401952737,0.40726827818969363,0.5968756697529021,0.2857142857142857,-0.2624068400759672
金华,2017,0.35823734550410014,556.4,0.1875255178605052,-0.5867029746412566,1.5190024313147434,0.2336221802008248,0.00017641811583893742,0.3884020043299657,0.2300914335178399,0.6753740678636874,0.5,0.10737433383763215
金华,2018,0.30909930702647154,678.0,0.006600091264846813,-0.5122981274206256,1.1389049916525493,0.09197437576589836,0.00014542896238922565,0.4580008283217168,0.2865287150920507,0.795850353824833,1.0714285714285714,0.5446121508599211
金华,2019,0.36360356916565734,691.1,0.11625906574741084,-0.7872092830358761,1.4715330348538598,0.1276056921870893,-7.738969065550078e-05,0.5206397687192726,0.5952971677332775,0.64846748102551,1.5,0.2923600287444539
金华,2020,0.3182425913256976,706.2,0.12880180320450996,-0.9766734886446315,1.6709043426373777,0.13691998606027989,-0.00010033238742479594,0.5623990623779763,1.161384961134878,0.6214268746473964,3.2857142857142856,0.6402160405390058
金华,2021,0.388581810471542,712.0,0.3002253575473327,-0.6662271907742795,1.38417056907121,0.3414083512315779,-0.0001280932411769015,0.5971984736940784,1.8493812548747965,0.7350499636059388,6.428571428571429,0.7253449051056509
金华,2022,0.3937603740404275,712.7,0.3566339309003291,-0.5946054152233827,1.2878309838417048,0.3300592963829935,-0.0001845941916157868,0.6459176494666314,1.7973760703144324,0.8127435181161937,3.7142857142857144,0.2650233359392064
铜陵,2011,1.993821876650826,159.6,-0.47484976994939426,0.9967557461266027,-0.7641713483664363,-0.5625463325841633,0.9751560089429301,0.12382179971400302,-0.41409005171575314,0.9117782203565702,-0.2857142857142857,-0.18099572914583154
铜陵,2012,2.2373516188235976,159.3,-0.41096926907195463,1.004889830608427,-0.9741370614057794,-0.30720574740787765,1.0947046642902936,0.19353838885252025,-0.20360805348076766,0.8714229646693014,-0.2857142857142857,-0.385606379137474
铜陵,2013,2.434632821667725,159.1,-0.35242800992980944,0.8666280854465874,-0.8134333306045226,-0.2979999796918133,1.2261535132356742,0.2629097517545199,-0.1528642637247208,1.0662000758163763,-0.2857142857142857,-0.19317011785484295
铜陵,2014,2.231454717747587,158.9,-0.3127929117983073,0.7929389544363713,-0.743923169813532,-0.26767803325483375,1.2674733687002022,0.32588568490352604,-0.2552090960131939,0.9779999197602085,-0.2857142857142857,-0.06445185923032369
铜陵,2015,2.289711142204165,158.7,-0.2931144325373744,0.7413132259319579,-0.692941786750775,-0.2589587074755406,1.4295865910882142,0.38156489717042064,0.05888449267008113,1.6220069167426525,0.07142857142857142,-0.4491790343142119
铜陵,2016,2.4719417845444296,158.5,-0.12694478912406212,0.26166387577858796,-0.03232851071126669,-0.06298215686108312,1.271373646051465,0.43694551551040456,-0.04438377231143451,1.1124101373277762,1.8571428571428572,-0.4066765672084543
铜陵,2017,2.286216858939344,158.3,-0.0386449889628846,0.27898262016886327,-0.03613882274740711,-0.10894772839761896,1.264923934521945,0.48587111120025706,-0.22049400536836022,0.894885508358896,2.7857142857142856,-0.08773975566925035
铜陵,2018,2.1973651198517685,158.1,0.004762467185573839,0.3497900025179619,-0.11360432203022251,-0.15769711149793722,1.3847405716107004,0.541523794624808,0.14063575206811096,0.9334478263774401,2.142857142857143,2.1517266614059305
铜陵,2019,2.2551840781621095,157.9,0.0011265015276840336,-0.1620522188980514,0.4357482382806592,-0.10282678961068287,1.3457950371509624,0.5902650145810499,-0.10377173828815116,1.2979224298767893,6.642857142857143,0.9436797606332129
铜陵,2020,2.2476473399989745,157.7,0.06975361005702627,-0.1016145383862491,0.34956670781363175,-0.04260947760439203,1.4129663646476562,0.6391298647710202,-0.2974945898348238,1.0713267608863117,8.928571428571429,0.7879170137102222
铜陵,2021,2.2325712867047476,157.5,0.2761125071158132,0.3161397244250627,-0.054022252133993996,0.12430418950326108,1.4238442089821248,0.6876769188833597,-0.08075169442460395,0.7864551128788931,13.357142857142858,1.9512328197482918
铜陵,2022,2.3444186487904815,157.3,0.33415855621293405,0.32756791523191064,-0.07125161940820517,0.27104029593989565,1.5090806052750778,0.7363474238636043,-0.07976661123457326,0.9437751873683464,17.071428571428573,0.19297680165455858
镇江,2011,1.2152590090116107,311.45,0.2802963973170385,0.9331564785446371,-0.6695310309541626,0.1079656277787889,-0.00042145255238564954,0.11459560478812915,0.02273753053236827,0.3823092492514385,-0.14285714285714285,-0.03304154324435209
镇江,2012,1.1961792447476602,315.46,0.4629061298411292,0.8079173643751103,-0.5305418237914605,0.3227750685678972,-0.00042964197063313173,0.21505093632215455,0.22600452899167978,0.14766123887271185,-0.2857142857142857,0.8325732009474481
镇江,2013,1.1788207839162268,315.48,0.6803961561512939,0.6103627217912682,-0.2137584410825679,0.5973566383149975,-0.00040925768298311717,0.37515730773575484,-0.32000296025990405,0.06196677432685547,-0.21428571428571427,0.38614115621745365
镇江,2014,1.1757004659127084,316.54,0.848648988493196,0.36577771412331883,0.06898213405440025,0.7543244037233376,-0.00040577736965322856,0.5164392934141747,0.5266990420040694,-0.20538929840316045,0.07142857142857142,0.3543784868335223
镇江,2015,1.4149291275104225,317.14,1.0018183798063272,0.2680794471021913,0.17371608872460967,0.926243754431309,-0.0004187531594794165,0.6034490602108886,0.7911980136207477,-0.3069974419672001,-0.14285714285714285,0.7348915176409968
镇江,2016,1.4285372011105435,317.05,0.9605075786749293,0.862761988333762,1.0079362931984037,0.857955995105926,-0.00041886301289712613,0.6704446128649297,3.1365970385338895,-0.07983454620958359,0.2857142857142857,1.214918117324447
镇江,2017,1.06303250268347,318.13,1.1277645912941485,0.19398853450208636,0.25385769428180577,0.7904997182396133,-0.0004358419568399817,0.9103677883122212,3.039315763324525,-0.15669735524817438,-0.07142857142857142,2.337477832393106
镇江,2018,0.9239524025863586,318.03,1.2119325687893971,0.16476808331069692,0.3078387525205648,0.9108898169746549,-0.0004306686531962316,1.0432758607631079,4.115415772008716,-0.13032721143811868,1.1428571428571428,3.1500413252699624
镇江,2019,0.8848528371518438,319.84,1.3412375850393878,0.11007736997342611,0.4029181527927161,0.9361099139584185,-0.0004322907140284327,1.474145368576952,1.903958757023264,-0.18772588865779805,-0.07142857142857142,1.345435964115527
镇江,2020,0.8631644495070787,320.35,1.4042034877737861,0.005356356003396883,0.5066342513058796,0.96660176161434,-0.00042820766756081826,1.358245891522229,2.386232024505159,-0.22756305788342204,0.8571428571428571,0.9384898540017278
镇江,2021,1.17070260862284,321.1,1.7568748851104752,0.17762763127195963,0.3446831309387383,1.0711222475308508,-0.00043402856178783884,1.3840986611558457,1.7552953343930584,-0.29947788816363907,0.2857142857142857,1.3861871030596404
镇江,2022,1.2353478526822936,321.72,1.9082027141392375,0.2631590289693829,0.24998770231564954,0.9037268723411976,-0.000433542002598688,1.4090627148194428,1.456177388107619,-0.39391385696690423,0.35714285714285715,1.3152365962740162
阜阳,2011,0.3579420342078495,1026.9,-1.0324726742537484,0.1578133373080851,1.1757275131940197,-1.0729345897548201,0.880392057781265,-1.7343539466823514,-0.7912301319927025,0.5316586876559566,-0.2857142857142857,-0.7171638947002517
阜阳,2012,0.34438505752421,1030.4,-0.9567090814491144,-0.9803364715885805,-0.37715862113440773,-1.0440901636073716,0.7548727759945891,-1.636899411820253,-0.7348350197263628,-0.11052422818963051,-0.07142857142857142,-0.7330302240749555
阜阳,2013,0.3555996898182137,1033.8,-0.9211607000537758,-0.8451608666686791,-0.3723256213576791,-1.0099058105612222,0.7300492840388503,-1.539512305914625,-0.7214735351049401,-0.19629281321407813,-0.21428571428571427,-0.813103074495614
阜阳,2014,0.451380165348827,1037.2,-0.8936652735287063,-0.9153771079482009,-0.18974101560191434,-0.9718794885414165,0.798154328942913,-1.435113983800395,-0.7012539545733646,-0.33601079128606914,-0.2857142857142857,-0.7104947710140104
阜阳,2015,0.42267625280940885,1040.7,-0.8749979800778046,-1.0473233044292347,0.04091547269507001,-0.9373685007035301,0.8477788299535416,-1.337624046709593,-0.5930743424353788,-0.3034847131919775,-0.21428571428571427,-0.7090557726757616
阜阳,2016,0.40070970100590253,1044.1,-0.8379144622903049,-1.1643763154530216,0.3077027244450081,-0.9097151339186031,0.8357331006649779,-1.233239891870013,-0.5544055306538489,-0.339845792733937,0.21428571428571427,-0.7149263097044001
阜阳,2017,0.37652530249310995,1047.5,-0.7932259921908426,-1.0751705549213577,0.2796947490327721,-0.8593984409780969,0.7979875984241658,-1.1288689341919522,-0.49098222671845343,-0.4222849889002713,0.5,-0.6551413168134824
阜阳,2018,0.3615417568996426,1050.9,-0.7416868214963461,-0.9985745982866189,0.4173516063973538,-0.7981284677281176,0.8051351111947376,-1.03139873950907,-0.39622470336830995,-0.3917645375209657,0.07142857142857142,-0.5374739569179869
阜阳,2019,0.3605628257693757,1054.3,-0.6905027380721789,-1.0958043035559957,0.5106957280519117,-0.7710021914627914,0.8004260602374068,-0.9270315814874873,-0.5213313593676344,-0.40490567431360636,-0.14285714285714285,-0.5476044784716303
阜阳,2020,0.34641507847511965,1057.7,-0.6849025597446003,-1.233769489320608,0.4672237137267371,-0.7752350214284032,0.8527257200615146,-0.8226115820418484,-0.6056753861295342,-0.29948221548659665,0.35714285714285715,-0.38212135175833295
阜阳,2021,0.40746104127152866,1061.1,-0.6307857397209647,-1.2070028988466397,0.5367359740903036,-0.7967611858517877,0.8983060923149803,-0.7251575075427994,-0.5909128882371797,-0.31006476562478325,0.0,-0.6549024984885459
阜阳,2022,0.4304724871255566,1064.5,-0.5929624805267728,-1.0684140633792676,0.42783302797148137,-0.8080576589779344,0.9269517254855637,-0.6208070714769482,-0.5917580389327174,-0.22348502340417076,0.5714285714285714,-0.6536889714967361
马鞍山,2011,1.9346733351487508,230.0,-0.20698059573019054,1.910538238778946,-2.228763902740844,-0.31093806597752693,1.6866691344211657,0.13784623232292367,-0.46214660623938153,1.9817624416069457,-0.2857142857142857,0.44332458424396326
马鞍山,2012,2.0952789241455396,229.9,-0.14915943565321763,1.8303225806573629,-1.8745580148032501,0.04068995208725954,1.749996110391443,0.17272435462542296,-0.146529553311083,2.0254826639507564,-0.2857142857142857,0.19972537991304504
马鞍山,2013,2.113083772475231,229.8,-0.09451235031850742,1.572801069042309,-1.5880587709617704,0.21856753102405357,1.7115530673523016,0.20036402561725442,0.1740243955653094,2.1251433363880827,-0.21428571428571427,-0.17424946074943626
马鞍山,2014,2.134158709386304,229.7,-0.043962665231975104,1.2361282018888438,-1.1989111700749733,-0.023655911116894537,1.7015877555793921,0.24226870567784733,0.14664802075341643,2.2611532928642344,-0.21428571428571427,-0.016679557348570254
马鞍山,2015,1.856468105059412,229.6,-0.012827614345568507,0.633392070837729,-0.5054433587973275,0.07120821430128235,1.6872342468341528,0.28390675731360737,0.42529065904408164,2.3382856340721228,-0.14285714285714285,-0.09033095767620515
马鞍山,2016,2.307349321200548,229.5,0.059542776354964216,0.4386716786122586,-0.27483076997645733,0.16373708554238736,1.6920793929973614,0.3258843576753276,0.670049226752733,2.3348936310659183,0.0,-0.1997826428399891
马鞍山,2017,2.3018393882631454,229.4,0.25344064678990247,0.4865985219623683,-0.2523950637812771,0.1453638953879523,1.71567594684745,0.3675951607298055,0.7736227097001033,1.856443484914343,-0.21428571428571427,0.6599436340552239
马鞍山,2018,2.2570501964347702,229.3,0.4731158428053295,0.1849437164639426,0.17332773175189814,0.2684982330096393,1.7507838032327656,0.4093423447723986,0.9712173535409891,1.4334960959034275,0.07142857142857142,3.7299548305672188
马鞍山,2019,2.2101185934393315,229.2,0.614542939226494,0.12636113687677317,0.24132369978127047,0.340122394650973,1.8585908670449742,0.451125957422199,0.854670494065863,1.203699114685713,0.2857142857142857,2.0703998642146866
马鞍山,2020,2.232442651456672,229.1,0.63016642157116,-0.020550350937524164,0.3767369721884432,0.44920701775710453,2.0356240546208166,0.4929460463814434,0.4069613024306371,1.2329640540458762,0.7142857142857143,1.5486448272096667
马鞍山,2021,2.2693533928070124,229.0,0.8802237846490045,0.17865286741978562,0.19943326010713888,0.7115333882438954,2.0873978961866015,0.5344987344474058,0.6832211346420611,1.1097649973082115,0.5714285714285714,2.380585941377347
马鞍山,2022,2.27583465945024,228.9,0.9957259051137112,0.25133193611879084,0.11862193090636196,0.7933359618159813,2.201040865413842,0.5763917866893997,0.6838933673883384,1.143148861717382,0.14285714285714285,1.3839271896119691
黄山,2011,0.17055572068198774,148.9,-0.6912303556518448,-0.41392490189196335,-0.06626986130451078,-0.5151263315263933,1.1961197716046437,-0.7669337917026414,-0.7108699476801713,-0.6680465828236168,-0.2857142857142857,-0.2225826083072234
黄山,2012,0.1701995117790646,148.7,-0.6277661443348876,-0.40769331098241324,0.0,-0.352703218342315,1.221196792013314,-0.690258068936963,-0.5057071410903998,-0.6259503899155946,-0.2857142857142857,-0.3662553597651644
黄山,2013,0.16762372191901606,148.5,-0.5624945871486838,-0.7692903604115534,0.4519146876302123,-0.30583263497896257,1.1388117509059748,-0.5997841230648803,-0.5204116527412337,-0.6927213564674883,-0.2857142857142857,-0.3692399824568067
黄山,2014,0.1654459075310039,148.4,-0.5082704302707818,-0.8144618935925767,0.5794059023653089,-0.1764526979961462,0.955770925803196,-0.5162326279109619,-0.5918830409665488,-0.8519043985655054,-0.2857142857142857,-0.5750524198213989
黄山,2015,0.1652629686426411,148.3,-0.47248132776855095,-1.0952363230752111,0.9316351606707233,-0.12173491313118431,0.753553832999527,-0.4330377647410815,-0.5752635803405899,-0.813532291960011,-0.2857142857142857,-0.7030076421738148
黄山,2016,0.09322236757643608,148.2,-0.39909185584645324,-1.286284372021629,1.249024161846916,-0.05825637764635633,0.6739929266257756,-0.3563054153201202,-0.47760420218263455,-0.7873467372812557,-0.2857142857142857,-0.705383444489915
黄山,2017,0.10197870589581184,148.1,-0.30666661983979787,-1.4665350535860462,1.5471522650725917,-0.06648243343126088,0.6376142037805962,-0.2799393883324481,-0.5304824948221152,-0.850506529492292,-0.2857142857142857,-0.4718201489381735
黄山,2018,0.0949415608924102,148.0,-0.20355162752707223,-1.495900765347351,1.6872994698668566,-0.029426652938275427,0.7428985570718074,-0.20299990169988025,-0.31009675365277856,-0.7649346638679762,-0.21428571428571427,0.628117801566058
黄山,2019,0.07437838811204,147.9,-0.0985733542824106,-1.4748388322034558,1.6809154711566041,0.02328735588761585,0.849042536797301,-0.12642695276120847,-0.391659170988676,-0.7513260774002825,-0.21428571428571427,-0.14391357756284498
黄山,2020,0.053098159551427986,147.8,-0.05195507152446035,-1.4468157707023654,1.5950380827117276,0.0670619196808159,0.9347807697035188,-0.05022128550362976,-0.4683327722398969,-0.7594449499623331,-0.21428571428571427,0.8064453001641335
黄山,2021,0.09111600789028224,147.7,0.09315884785895412,-1.3145574935483255,1.4658109224097233,0.13343795169675235,0.9739065720858318,0.026558789035584805,-0.2902292858884158,-0.701576626715704,-0.07142857142857142,3.662420121665146
黄山,2022,0.10974114984900236,147.6,0.15466613373407523,-1.3383222717270244,1.4921853040795867,0.17072960177289576,1.0187917310564623,0.10297136488004835,-0.2898462978541401,-0.7040391470195954,-0.07142857142857142,0.7569960198618036
